Pixel_X,Pixel_Y,Latitude,Longitude,B1,B2,B3,B4,B5,B6,B7,B8,B8A,B9,B10,B11,B12,Red_NIR_Ratio,SWIR_Ratio,Visible_SWIR_Ratio,Red_SWIR_Index,Mn_Score,Mn_Class
0,0,22.01,80.21,0.061155,0.244982,0.234038,0.052928,0.344834,0.392384,0.210862,0.540456,0.241667,0.173826,0.185256,0.119786,0.391892,0.097932,0.305661,0.560834,-0.387102,1.684434,LOW
1,0,22.01,80.2101,0.16718,0.047016,0.344159,0.180039,0.144724,0.327654,0.313376,0.363941,0.065552,0.23033,0.162798,0.392772,0.472583,0.494695,0.831118,0.605761,-0.371383,6.201534,LOW
2,0,22.01,80.2102,0.127472,0.21663,0.083956,0.115072,0.383012,0.070719,0.279275,0.101189,0.081569,0.284267,0.107859,0.286287,0.334208,1.137201,0.856613,0.320758,-0.426588,8.271783,LOW
3,0,22.01,80.2103,0.105215,0.181453,0.338445,0.105836,0.028483,0.339043,0.37639,0.317692,0.280557,0.215276,0.143186,0.326822,0.28116,0.333141,1.162406,0.730749,-0.510762,6.952975,LOW
4,0,22.01,80.2104,0.101631,0.218607,0.333428,0.210826,0.314708,0.21477,0.288428,0.063826,0.489155,0.251598,0.031213,0.044502,0.06944,3.303144,0.640871,4.776583,0.651412,34.733949,MEDIUM
5,0,22.01,80.2105,0.201819,0.063174,0.322996,0.059154,0.395021,0.361862,0.318456,0.496613,0.437433,0.066642,0.164132,0.29129,0.496957,0.119115,0.586148,0.484811,-0.662405,2.000943,LOW
6,0,22.01,80.2106,0.228183,0.290261,0.15978,0.319978,0.196115,0.250091,0.231213,0.237437,0.082577,0.166275,0.144422,0.400716,0.251554,1.347635,1.592966,0.73552,-0.112029,14.99594,LOW
7,0,22.01,80.2107,0.060791,0.06353,0.278709,0.127082,0.239974,0.065831,0.032563,0.447203,0.339463,0.281745,0.034038,0.237154,0.370865,0.284172,0.639461,0.667399,-0.302198,4.723608,LOW
8,0,22.01,80.2108,0.170141,0.25082,0.180338,0.044421,0.253839,0.214294,0.279936,0.321747,0.417308,0.110231,0.100641,0.271569,0.066267,0.138063,4.098074,0.665289,-0.718844,18.957098,LOW
9,0,22.01,80.2109,0.08861,0.022568,0.290559,0.09693,0.101337,0.078904,0.287004,0.355095,0.388894,0.069078,0.192263,0.225986,0.368093,0.272968,0.613937,0.652251,-0.399659,4.199001,LOW
10,0,22.01,80.211,0.242401,0.22146,0.106988,0.139627,0.303998,0.354903,0.39842,0.51019,0.156129,0.187949,0.092708,0.137893,0.259552,0.273677,0.531272,0.620501,0.00625,4.984886,LOW
11,0,22.01,80.2111,0.231566,0.105304,0.271339,0.153055,0.33051,0.218633,0.310658,0.18767,0.499261,0.279685,0.181405,0.271008,0.327821,0.815554,0.826694,0.708706,-0.27815,8.30005,LOW
12,0,22.01,80.2112,0.16625,0.12596,0.073289,0.024089,0.36056,0.412248,0.252125,0.120213,0.15894,0.038116,0.14929,0.337273,0.159581,0.200389,2.113482,0.19599,-0.866675,8.0066,LOW
13,0,22.01,80.2113,0.193128,0.266309,0.116723,0.082027,0.281767,0.083983,0.267619,0.129789,0.482778,0.227079,0.158263,0.422571,0.099211,0.632001,4.259312,0.380906,-0.674881,21.279323,LOW
14,0,22.01,80.2114,0.138485,0.130178,0.160904,0.19631,0.073996,0.186255,0.241454,0.463315,0.216052,0.266148,0.196054,0.074831,0.31916,0.423706,0.234463,0.906652,0.448027,6.57328,LOW
15,0,22.01,80.2115,0.209956,0.169503,0.069437,0.108575,0.060408,0.089849,0.351224,0.132352,0.215794,0.254019,0.167304,0.119782,0.470264,0.820354,0.254711,0.301693,-0.049073,5.082,LOW
16,0,22.01,80.2116,0.123128,0.192564,0.110998,0.137536,0.164701,0.055896,0.321969,0.05259,0.373421,0.13732,0.158121,0.099249,0.17178,2.615269,0.577771,0.917001,0.161694,17.604452,LOW
17,0,22.01,80.2117,0.097927,0.023246,0.256007,0.242742,0.269695,0.106949,0.274245,0.076468,0.343719,0.294248,0.124103,0.476215,0.433294,3.174445,1.099056,0.548371,-0.324738,19.999532,LOW
18,0,22.01,80.2118,0.083917,0.213604,0.254811,0.266168,0.108312,0.032792,0.191479,0.500749,0.445092,0.279671,0.17983,0.154084,0.103287,0.53154,1.49181,2.024234,0.266706,15.908045,LOW
19,0,22.01,80.2119,0.072057,0.285663,0.296064,0.197529,0.277778,0.111777,0.347722,0.221677,0.465729,0.062611,0.010497,0.084747,0.317408,0.891065,0.266996,1.227373,0.399547,9.770583,LOW
20,0,22.01,80.212,0.140938,0.132476,0.319711,0.158505,0.225831,0.266096,0.248736,0.095493,0.169833,0.200585,0.064903,0.167602,0.469563,1.659866,0.356932,0.750538,-0.027895,10.971295,LOW
21,0,22.01,80.2121,0.11911,0.255866,0.104664,0.160359,0.240347,0.21078,0.127457,0.093635,0.152532,0.11123,0.056943,0.451274,0.385264,1.712599,1.171336,0.316809,-0.475636,12.282765,LOW
22,0,22.01,80.2122,0.172532,0.08419,0.265429,0.117875,0.25175,0.031109,0.165047,0.447997,0.42209,0.10641,0.162566,0.443087,0.460689,0.263116,0.961791,0.424114,-0.579739,4.508027,LOW
23,0,22.01,80.2123,0.022953,0.172888,0.071556,0.346934,0.344277,0.093998,0.053506,0.359864,0.119176,0.103635,0.012199,0.243597,0.293521,0.964071,0.829912,0.77914,0.174991,10.649912,LOW
24,0,22.01,80.2124,0.122971,0.088645,0.243219,0.062147,0.399568,0.034635,0.072541,0.259956,0.171008,0.084918,0.194807,0.190719,0.494442,0.239066,0.385726,0.445685,-0.508462,1.982518,LOW
25,0,22.01,80.2125,0.103992,0.078185,0.026082,0.284021,0.051018,0.322736,0.402856,0.13452,0.407828,0.220901,0.051179,0.355367,0.320763,2.111363,1.107877,0.458645,-0.111584,15.438672,LOW
26,0,22.01,80.2126,0.064941,0.198301,0.03222,0.118523,0.353564,0.137854,0.354588,0.127572,0.443294,0.122857,0.110327,0.073516,0.35551,0.929069,0.20679,0.351361,0.234364,6.409301,LOW
27,0,22.01,80.2127,0.156819,0.027997,0.295952,0.304506,0.392114,0.377601,0.118007,0.210753,0.132991,0.159742,0.025432,0.359704,0.259659,1.444845,1.385292,0.969476,-0.083103,15.299952,LOW
28,0,22.01,80.2128,0.120122,0.297142,0.258553,0.328661,0.118366,0.187166,0.031292,0.531969,0.407283,0.210569,0.036524,0.140887,0.447022,0.61782,0.315168,0.99882,0.399905,8.000613,LOW
29,0,22.01,80.2129,0.088998,0.216315,0.118641,0.225915,0.048468,0.309903,0.044739,0.125362,0.29036,0.094235,0.062943,0.473646,0.064652,1.802101,7.326051,0.640084,-0.354123,42.974267,MEDIUM
30,0,22.01,80.213,0.068166,0.09534,0.26713,0.295865,0.097245,0.312979,0.10353,0.186506,0.418586,0.028719,0.142501,0.099045,0.171102,1.586357,0.578865,2.084035,0.498393,17.485604,LOW
31,0,22.01,80.2131,0.221164,0.189253,0.123267,0.304357,0.161561,0.362494,0.375291,0.310369,0.105838,0.208466,0.0167,0.211435,0.035731,0.980628,5.917434,1.73011,0.180154,37.591096,MEDIUM
32,0,22.01,80.2132,0.203416,0.035398,0.204336,0.126368,0.258158,0.265332,0.072746,0.319848,0.079258,0.126542,0.157443,0.298267,0.342858,0.395089,0.869943,0.515818,-0.404814,5.530384,LOW
33,0,22.01,80.2133,0.159543,0.206147,0.275482,0.05042,0.221685,0.170273,0.092754,0.196875,0.424135,0.025868,0.092187,0.329587,0.432106,0.256102,0.762746,0.427864,-0.734637,3.0683,LOW
34,0,22.01,80.2134,0.099373,0.256141,0.083181,0.337006,0.098223,0.051365,0.33221,0.296335,0.234996,0.086697,0.092991,0.064967,0.315013,1.137248,0.206235,1.105815,0.676761,11.127578,LOW
35,0,22.01,80.2135,0.237769,0.24619,0.139861,0.263551,0.050206,0.040763,0.380871,0.441001,0.09909,0.083688,0.088123,0.4917,0.100222,0.59762,4.90612,0.681529,-0.302084,26.259668,LOW
36,0,22.01,80.2136,0.149577,0.056121,0.136476,0.308046,0.029292,0.238605,0.38738,0.42622,0.394821,0.248839,0.016855,0.119329,0.477874,0.722739,0.249708,0.74434,0.441572,7.520041,LOW
37,0,22.01,80.2137,0.119535,0.06142,0.242037,0.022721,0.288421,0.385809,0.435484,0.386848,0.448872,0.048195,0.097928,0.136986,0.286849,0.058734,0.477555,0.624671,-0.715465,1.479593,LOW
38,0,22.01,80.2138,0.227103,0.204299,0.091404,0.275657,0.210968,0.125793,0.291918,0.510543,0.391518,0.165281,0.186306,0.200124,0.261968,0.53993,0.763926,0.794348,0.158756,8.34685,LOW
39,0,22.01,80.2139,0.093449,0.099821,0.224233,0.275726,0.127553,0.381373,0.328499,0.047009,0.069156,0.252601,0.134425,0.229145,0.31324,5.865332,0.73153,0.921779,0.092264,33.374159,MEDIUM
0,1,22.0101,80.21,0.180079,0.28033,0.268933,0.264918,0.212889,0.170858,0.417095,0.117085,0.294055,0.236005,0.116436,0.020152,0.401902,2.262624,0.050141,1.26489,0.85862,16.742318,LOW
1,1,22.0101,80.2101,0.092179,0.179867,0.096194,0.348405,0.093514,0.437667,0.42404,0.090712,0.362274,0.126758,0.12434,0.088439,0.266677,3.840805,0.331634,1.251983,0.5951,24.603847,LOW
2,1,22.0101,80.2102,0.080157,0.177758,0.140409,0.32582,0.276758,0.385426,0.022442,0.141749,0.086619,0.279768,0.080361,0.365519,0.071452,2.298574,5.115592,1.066958,-0.057423,37.195145,MEDIUM
3,1,22.0101,80.2103,0.181193,0.232654,0.034572,0.313536,0.15839,0.060063,0.337486,0.416452,0.477589,0.239256,0.031434,0.299583,0.470214,0.752876,0.63712,0.452208,0.022758,7.255325,LOW
4,1,22.0101,80.2104,0.072415,0.267171,0.197245,0.140092,0.225661,0.304144,0.305332,0.528872,0.132645,0.043188,0.135491,0.076683,0.091143,0.264888,0.841342,2.01004,0.292512,11.640914,LOW
5,1,22.0101,80.2105,0.133415,0.149333,0.186479,0.077689,0.142625,0.409926,0.38648,0.229938,0.341636,0.277311,0.041201,0.264503,0.24455,0.337867,1.081593,0.51894,-0.545936,5.823317,LOW
6,1,22.0101,80.2106,0.153407,0.177329,0.246324,0.167227,0.305976,0.155388,0.114028,0.509033,0.196529,0.272768,0.178493,0.123163,0.190878,0.328519,0.645247,1.316869,0.151739,8.410568,LOW
7,1,22.0101,80.2107,0.063448,0.041733,0.198708,0.024766,0.366577,0.242253,0.339904,0.431348,0.481818,0.249283,0.175038,0.169368,0.298655,0.057416,0.567104,0.477486,-0.744853,1.341242,LOW
8,1,22.0101,80.2108,0.188185,0.278847,0.305108,0.221234,0.177225,0.367538,0.404768,0.043698,0.268545,0.22699,0.026023,0.457042,0.096396,5.062741,4.741273,0.951041,-0.347658,47.138626,MEDIUM
9,1,22.0101,80.2109,0.146151,0.270437,0.298907,0.128762,0.297094,0.259699,0.046311,0.092819,0.41438,0.060776,0.037105,0.232317,0.39172,1.387243,0.593069,0.685326,-0.286793,9.786195,LOW
10,1,22.0101,80.211,0.162946,0.035341,0.058444,0.021787,0.146574,0.356185,0.127005,0.102033,0.040789,0.160365,0.15448,0.101771,0.359918,0.213525,0.282763,0.173778,-0.647344,0.094486,LOW
11,1,22.0101,80.2111,0.105593,0.118418,0.214807,0.330873,0.100699,0.079976,0.22373,0.482527,0.303777,0.059654,0.164354,0.070442,0.068745,0.685708,1.024685,3.920471,0.648943,21.567149,LOW
12,1,22.0101,80.2112,0.116644,0.270013,0.245792,0.159077,0.063968,0.417438,0.396415,0.170311,0.177131,0.090127,0.192841,0.095916,0.057196,0.934038,1.676971,2.644258,0.247695,20.545662,LOW
13,1,22.0101,80.2113,0.133811,0.184259,0.172829,0.304243,0.274662,0.073383,0.407516,0.248801,0.327106,0.197067,0.152599,0.325643,0.068931,1.222839,4.724169,1.20908,-0.033974,30.828656,MEDIUM
14,1,22.0101,80.2114,0.128093,0.1095,0.11085,0.201603,0.359845,0.15367,0.170855,0.158087,0.213729,0.237039,0.098444,0.271645,0.324811,1.275266,0.836316,0.523849,-0.148001,10.331196,LOW
15,1,22.0101,80.2115,0.175397,0.118896,0.069634,0.146038,0.13842,0.316294,0.430769,0.237192,0.207176,0.112863,0.071467,0.36596,0.433208,0.615695,0.844766,0.26987,-0.429536,5.600689,LOW
16,1,22.0101,80.2116,0.152751,0.206118,0.268231,0.091426,0.189958,0.168469,0.395788,0.181593,0.2476,0.062928,0.037188,0.288043,0.310502,0.503467,0.927669,0.600887,-0.518136,6.221422,LOW
17,1,22.0101,80.2117,0.115742,0.212995,0.02553,0.257031,0.204853,0.417614,0.152321,0.107913,0.252589,0.293179,0.060653,0.063856,0.479886,2.381826,0.133065,0.519659,0.602003,14.556751,LOW
18,1,22.0101,80.2118,0.020415,0.061421,0.193556,0.08503,0.110857,0.157666,0.420169,0.288959,0.381792,0.076536,0.162774,0.407586,0.357626,0.294263,1.139698,0.364064,-0.654782,5.066377,LOW
19,1,22.0101,80.2119,0.202627,0.14516,0.347966,0.328691,0.351839,0.137566,0.077613,0.408221,0.390311,0.034719,0.192695,0.259769,0.183961,0.805179,1.412089,1.52493,0.117123,14.788104,LOW
20,1,22.0101,80.212,0.139458,0.253733,0.257751,0.295075,0.254956,0.367313,0.141693,0.544777,0.140168,0.080259,0.120484,0.053029,0.238107,0.541644,0.222711,1.898861,0.695327,10.949022,LOW
21,1,22.0101,80.2121,0.095105,0.253423,0.074885,0.200792,0.310015,0.311416,0.280085,0.106518,0.45973,0.068498,0.074813,0.121864,0.416537,1.885051,0.292564,0.512029,0.244621,11.832286,LOW
22,1,22.0101,80.2122,0.13499,0.215683,0.30005,0.260793,0.237509,0.143482,0.073103,0.19652,0.469283,0.20004,0.026817,0.035699,0.408863,1.327053,0.087313,1.261562,0.759191,12.205264,LOW
23,1,22.0101,80.2123,0.041493,0.246355,0.236723,0.096278,0.244757,0.046617,0.215868,0.172623,0.336413,0.259843,0.156677,0.243837,0.380245,0.557736,0.641263,0.533585,-0.433851,5.185278,LOW
24,1,22.0101,80.2124,0.228082,0.212268,0.278073,0.182572,0.287793,0.197812,0.356274,0.484054,0.497518,0.180888,0.026484,0.275626,0.31354,0.377172,0.879079,0.781858,-0.203088,6.952464,LOW
25,1,22.0101,80.2125,0.247639,0.254178,0.108251,0.265502,0.386135,0.170336,0.06943,0.149004,0.121619,0.261118,0.063871,0.376787,0.348566,1.781848,1.080964,0.51527,-0.173264,13.750372,LOW
26,1,22.0101,80.2126,0.033509,0.119565,0.331026,0.107407,0.324746,0.399401,0.328615,0.19524,0.48217,0.192024,0.057514,0.479551,0.101049,0.550127,4.745714,0.755138,-0.634022,24.476016,LOW
27,1,22.0101,80.2127,0.102393,0.039895,0.243876,0.150228,0.273907,0.409302,0.399726,0.300549,0.227406,0.050053,0.10915,0.047606,0.083814,0.499847,0.567997,2.998823,0.518729,15.261603,LOW
28,1,22.0101,80.2128,0.187915,0.046625,0.097516,0.33198,0.320766,0.253187,0.407737,0.08314,0.088502,0.123788,0.025857,0.395988,0.161968,3.993016,2.444858,0.769767,-0.087928,31.588921,MEDIUM
29,1,22.0101,80.2129,0.092275,0.186203,0.134195,0.164621,0.192763,0.435704,0.356067,0.546469,0.234731,0.293049,0.055747,0.168695,0.074103,0.301245,2.2765,1.230723,-0.012221,15.154622,LOW
30,1,22.0101,80.213,0.150421,0.02351,0.078446,0.05924,0.370988,0.159825,0.312295,0.230821,0.403777,0.155467,0.188602,0.343248,0.354374,0.256649,0.968602,0.197364,-0.70563,3.406498,LOW
31,1,22.0101,80.2131,0.115811,0.255487,0.023206,0.132301,0.098107,0.284997,0.358012,0.337492,0.308627,0.058534,0.166977,0.222901,0.264682,0.392012,0.842145,0.318935,-0.255066,5.238062,LOW
32,1,22.0101,80.2132,0.198069,0.073145,0.044464,0.091999,0.235457,0.146984,0.072483,0.187376,0.491664,0.043863,0.054146,0.282225,0.308595,0.490989,0.914548,0.230974,-0.50832,4.974833,LOW
33,1,22.0101,80.2133,0.240447,0.248718,0.07037,0.020501,0.3671,0.04169,0.261462,0.066664,0.301493,0.19469,0.174458,0.297217,0.22903,0.307532,1.297722,0.172679,-0.870946,4.595237,LOW
34,1,22.0101,80.2134,0.224331,0.119609,0.307362,0.337308,0.061394,0.061625,0.432251,0.360472,0.358983,0.262557,0.017473,0.201021,0.218399,0.935738,0.920431,1.537052,0.253166,13.557197,LOW
35,1,22.0101,80.2135,0.162815,0.049848,0.221046,0.15599,0.100401,0.026201,0.431397,0.368237,0.413583,0.208739,0.182281,0.403008,0.219468,0.423613,1.836294,0.605704,-0.441894,10.363889,LOW
36,1,22.0101,80.2136,0.056863,0.123542,0.16666,0.169648,0.19017,0.060652,0.276597,0.456753,0.348665,0.273248,0.143021,0.166737,0.493456,0.371422,0.337896,0.509409,0.008655,4.196157,LOW
37,1,22.0101,80.2137,0.237824,0.022546,0.191462,0.032308,0.364921,0.448258,0.283996,0.215241,0.157511,0.133446,0.063972,0.373857,0.266276,0.150104,1.40402,0.349569,-0.84091,5.002624,LOW
38,1,22.0101,80.2138,0.025435,0.076241,0.331042,0.139323,0.16544,0.057234,0.276039,0.350209,0.306572,0.07158,0.047638,0.350434,0.27854,0.397827,1.258109,0.747828,-0.431053,8.008352,LOW
39,1,22.0101,80.2139,0.088473,0.060965,0.149203,0.050567,0.188956,0.396569,0.209852,0.421454,0.4667,0.139357,0.089372,0.433172,0.033464,0.119982,12.944586,0.428107,-0.790933,59.415776,MEDIUM
0,2,22.0102,80.21,0.084771,0.293185,0.152447,0.039923,0.058428,0.406408,0.144677,0.404326,0.195117,0.183797,0.069413,0.338513,0.349784,0.098741,0.967778,0.279488,-0.789009,2.65774,LOW
1,2,22.0102,80.2101,0.17452,0.141287,0.078264,0.204339,0.390818,0.24719,0.124882,0.489753,0.157773,0.137313,0.186132,0.32982,0.300256,0.417229,1.098463,0.448522,-0.234913,7.027546,LOW
2,2,22.0102,80.2102,0.132094,0.173676,0.068813,0.317165,0.313173,0.242789,0.221185,0.088472,0.0437,0.283105,0.104518,0.132817,0.056521,3.584922,2.34986,2.038565,0.409678,34.753964,MEDIUM
3,2,22.0102,80.2103,0.041364,0.035688,0.027641,0.103369,0.25517,0.319351,0.112436,0.375448,0.067295,0.131819,0.084648,0.048755,0.445446,0.275323,0.109453,0.265095,0.359008,3.005002,LOW
4,2,22.0102,80.2104,0.022957,0.03655,0.2028,0.195136,0.271269,0.126778,0.120721,0.082182,0.121752,0.091746,0.148367,0.23255,0.154316,2.37444,1.506966,1.028614,-0.087479,20.404198,LOW
5,2,22.0102,80.2105,0.158993,0.188406,0.207807,0.159929,0.262338,0.143448,0.057659,0.30974,0.054427,0.081176,0.070616,0.122511,0.356119,0.516332,0.344018,0.76831,0.132479,6.102112,LOW
6,2,22.0102,80.2106,0.133041,0.114599,0.193976,0.228284,0.332806,0.024662,0.212398,0.078503,0.26764,0.255434,0.106032,0.409042,0.304913,2.907959,1.341503,0.591438,-0.283618,20.150087,LOW
7,2,22.0102,80.2107,0.158318,0.103098,0.263785,0.323553,0.18992,0.093735,0.27575,0.216418,0.347625,0.181616,0.151602,0.328942,0.492696,1.495037,0.667636,0.71484,-0.008258,11.605552,LOW
8,2,22.0102,80.2108,0.149725,0.065713,0.068812,0.07095,0.370017,0.256601,0.243325,0.341369,0.213721,0.185521,0.072185,0.184734,0.422915,0.207839,0.436812,0.230005,-0.445018,1.599477,LOW
9,2,22.0102,80.2109,0.224806,0.232307,0.210574,0.218667,0.11409,0.151935,0.082451,0.258579,0.363919,0.116171,0.067871,0.044985,0.440693,0.845648,0.102077,0.883799,0.658757,8.519704,LOW
10,2,22.0102,80.211,0.231231,0.283784,0.331743,0.3089,0.097549,0.377024,0.378829,0.059819,0.401938,0.183066,0.140235,0.352573,0.108553,5.163909,3.247944,1.389303,-0.066024,42.85811,MEDIUM
11,2,22.0102,80.2111,0.063299,0.123283,0.220055,0.215487,0.343088,0.368274,0.310989,0.260588,0.10143,0.100169,0.104769,0.378954,0.373984,0.826926,1.01329,0.578456,-0.274993,8.831412,LOW
12,2,22.0102,80.2112,0.236688,0.125343,0.276542,0.128149,0.160591,0.190738,0.287793,0.435546,0.3429,0.022649,0.072589,0.149139,0.454002,0.294225,0.328499,0.670971,-0.0757,4.031352,LOW
13,2,22.0102,80.2113,0.201177,0.101819,0.187325,0.041729,0.133216,0.327374,0.105594,0.070676,0.077386,0.246574,0.155167,0.033962,0.492791,0.590431,0.068919,0.434843,0.102613,4.022349,LOW
14,2,22.0102,80.2114,0.166976,0.068991,0.056166,0.198083,0.072969,0.374402,0.336486,0.386279,0.213639,0.205752,0.03766,0.132968,0.389963,0.512796,0.340977,0.486198,0.196689,5.389601,LOW
15,2,22.0102,80.2115,0.17171,0.108056,0.345065,0.190723,0.333982,0.355742,0.323316,0.213303,0.393422,0.142066,0.048043,0.28909,0.111897,0.89414,2.583529,1.336173,-0.20501,19.104172,LOW
16,2,22.0102,80.2116,0.145594,0.250068,0.134983,0.149463,0.340856,0.426906,0.206582,0.06742,0.195225,0.116815,0.075936,0.460372,0.268173,2.216897,1.716697,0.39043,-0.509825,17.331492,LOW
17,2,22.0102,80.2117,0.230971,0.043344,0.077309,0.13255,0.278971,0.110637,0.316011,0.293493,0.18597,0.152092,0.143093,0.448661,0.048209,0.451627,9.306659,0.422362,-0.543884,44.656374,MEDIUM
18,2,22.0102,80.2118,0.073651,0.249515,0.208813,0.04647,0.329648,0.277313,0.127299,0.072651,0.205049,0.284471,0.03317,0.388459,0.306324,0.639641,1.268134,0.367428,-0.786309,6.888761,LOW
19,2,22.0102,80.2119,0.157843,0.035412,0.059666,0.135382,0.345102,0.220911,0.264615,0.439286,0.468781,0.075642,0.063187,0.296211,0.050124,0.308186,5.909581,0.563176,-0.372641,29.019182,LOW
20,2,22.0102,80.212,0.207276,0.170564,0.142831,0.204929,0.034822,0.021504,0.197119,0.146401,0.339714,0.227217,0.115042,0.136569,0.214095,1.399779,0.637889,0.991718,0.200178,12.53716,LOW
21,2,22.0102,80.2121,0.050995,0.234626,0.200354,0.335431,0.230054,0.328555,0.228356,0.295768,0.344313,0.215752,0.010057,0.170376,0.311559,1.1341,0.54685,1.111736,0.32632,11.633352,LOW
22,2,22.0102,80.2122,0.161567,0.115008,0.022545,0.296715,0.321921,0.057653,0.229694,0.167765,0.405149,0.224553,0.131618,0.448673,0.389392,1.768631,1.15224,0.38095,-0.203863,13.506898,LOW
23,2,22.0102,80.2123,0.112652,0.265352,0.312681,0.130458,0.3448,0.099452,0.193104,0.387788,0.373876,0.126486,0.090673,0.271472,0.038683,0.336416,7.017833,1.428767,-0.350841,37.127941,MEDIUM
24,2,22.0102,80.2124,0.196188,0.233469,0.099701,0.300793,0.269444,0.342228,0.122552,0.099998,0.359065,0.043743,0.149609,0.381373,0.066954,3.007979,5.696087,0.893308,-0.118124,42.514711,MEDIUM
25,2,22.0102,80.2125,0.035574,0.199508,0.209252,0.161545,0.167931,0.420639,0.21016,0.522291,0.316187,0.222587,0.163424,0.363332,0.076155,0.309301,4.770953,0.843704,-0.384447,24.522188,LOW
26,2,22.0102,80.2126,0.159567,0.120696,0.242187,0.12211,0.29379,0.332544,0.337579,0.109102,0.137478,0.209123,0.171471,0.144084,0.091017,1.119234,1.583053,1.549539,-0.082548,16.516353,LOW
27,2,22.0102,80.2127,0.217128,0.058146,0.154236,0.176611,0.289965,0.399804,0.28365,0.360085,0.427752,0.283497,0.138256,0.091472,0.023544,0.490471,3.885183,2.876528,0.317584,29.771233,LOW
28,2,22.0102,80.2128,0.16452,0.186655,0.319919,0.132432,0.085452,0.240939,0.272983,0.209764,0.086777,0.257751,0.075935,0.365737,0.218362,0.631339,1.674906,0.774443,-0.468324,11.026498,LOW
29,2,22.0102,80.2129,0.093908,0.077159,0.277119,0.12036,0.115922,0.229266,0.210804,0.324981,0.403393,0.213212,0.092344,0.056264,0.202028,0.37036,0.278495,1.538876,0.362896,8.241012,LOW
30,2,22.0102,80.213,0.170833,0.266185,0.238633,0.288495,0.191537,0.142284,0.405052,0.464717,0.09543,0.132629,0.192787,0.212911,0.048133,0.620798,4.423345,2.01931,0.150746,29.704531,LOW
31,2,22.0102,80.2131,0.097775,0.266171,0.214308,0.209554,0.361114,0.049599,0.114552,0.11456,0.248539,0.204298,0.102052,0.024745,0.402056,1.829212,0.061546,0.993115,0.788776,13.693448,LOW
32,2,22.0102,80.2132,0.173776,0.158603,0.283614,0.341209,0.152848,0.092271,0.33535,0.045196,0.09978,0.153958,0.16,0.382028,0.378002,7.549601,1.01065,0.822104,-0.056438,41.810104,MEDIUM
33,2,22.0102,80.2133,0.049519,0.213174,0.050349,0.236955,0.193019,0.116014,0.202897,0.528554,0.387455,0.155184,0.11087,0.14167,0.279017,0.448308,0.507745,0.68294,0.251662,6.656961,LOW
34,2,22.0102,80.2134,0.084398,0.223554,0.31016,0.340495,0.261691,0.395497,0.022897,0.032415,0.336287,0.142085,0.134866,0.160716,0.062255,10.504126,2.581599,2.918111,0.358688,70.90067,HIGH
35,2,22.0102,80.2135,0.027525,0.116075,0.127573,0.194191,0.281164,0.021011,0.189964,0.39998,0.45655,0.196637,0.132674,0.324555,0.456252,0.485502,0.711351,0.412091,-0.251306,5.366191,LOW
36,2,22.0102,80.2136,0.039299,0.062998,0.036352,0.208112,0.129762,0.201506,0.28948,0.327944,0.168774,0.129054,0.085048,0.485334,0.15948,0.634598,3.043234,0.379124,-0.399774,16.440261,LOW
37,2,22.0102,80.2137,0.147597,0.140049,0.14061,0.346749,0.048006,0.437844,0.440091,0.41708,0.299268,0.043416,0.077308,0.024347,0.251207,0.831373,0.096919,1.768654,0.868785,11.853571,LOW
38,2,22.0102,80.2138,0.073291,0.16095,0.131422,0.306629,0.350809,0.409906,0.390634,0.100749,0.141972,0.150464,0.146776,0.183048,0.330068,3.043497,0.554578,0.853707,0.252372,19.590691,LOW
39,2,22.0102,80.2139,0.138699,0.214101,0.349986,0.118602,0.04295,0.067742,0.366611,0.462292,0.236311,0.097825,0.032386,0.345874,0.208053,0.256552,1.662434,0.845938,-0.489309,9.367341,LOW
0,3,22.0103,80.21,0.171701,0.21158,0.115119,0.145375,0.380542,0.339979,0.435709,0.447112,0.294573,0.138713,0.174503,0.19303,0.215735,0.325143,0.894757,0.637272,-0.140821,6.524382,LOW
1,3,22.0103,80.2101,0.222673,0.035521,0.133494,0.27321,0.137493,0.394974,0.273729,0.250061,0.48195,0.128807,0.021998,0.042852,0.307155,1.092574,0.139514,1.161986,0.728836,10.943496,LOW
2,3,22.0103,80.2102,0.101664,0.278157,0.294876,0.19595,0.132124,0.100695,0.026688,0.113373,0.071771,0.234806,0.112229,0.086813,0.088057,1.728361,0.985865,2.806809,0.385968,21.971045,LOW
3,3,22.0103,80.2103,0.093296,0.077434,0.287498,0.033118,0.155241,0.128228,0.122123,0.095249,0.186585,0.294912,0.134353,0.271629,0.257479,0.347698,1.054956,0.605954,-0.782654,5.276149,LOW
4,3,22.0103,80.2104,0.092143,0.085428,0.172169,0.34427,0.043701,0.313976,0.372539,0.046422,0.089827,0.075564,0.061902,0.457272,0.210234,7.41606,2.17506,0.773685,-0.14098,46.231377,MEDIUM
5,3,22.0103,80.2105,0.047105,0.044948,0.307842,0.189752,0.295571,0.345796,0.176323,0.129177,0.189744,0.094405,0.070694,0.060113,0.173176,1.468932,0.347121,2.132955,0.518837,16.064162,LOW
6,3,22.0103,80.2106,0.172532,0.158898,0.024935,0.093099,0.269133,0.3965,0.367399,0.507642,0.034461,0.040048,0.116206,0.377676,0.110355,0.183395,3.422374,0.241857,-0.604486,15.032326,LOW
7,3,22.0103,80.2107,0.208521,0.278821,0.259092,0.248386,0.081808,0.191097,0.1729,0.386218,0.102254,0.248307,0.074848,0.158925,0.195022,0.643123,0.814907,1.433766,0.219637,11.260993,LOW
8,3,22.0103,80.2108,0.128791,0.205543,0.046266,0.287607,0.078223,0.04058,0.116384,0.275783,0.491764,0.134291,0.109221,0.41049,0.269188,1.042874,1.524919,0.491223,-0.176026,12.282169,LOW
9,3,22.0103,80.2109,0.148408,0.157578,0.076483,0.134211,0.281889,0.439918,0.174221,0.216554,0.087054,0.039356,0.04474,0.348898,0.267453,0.619758,1.304522,0.341841,-0.444387,7.95578,LOW
10,3,22.0103,80.211,0.24045,0.260599,0.337266,0.254492,0.374059,0.131284,0.100497,0.065485,0.041945,0.267793,0.019012,0.221432,0.198435,3.886258,1.115892,1.409391,0.069463,27.345244,LOW
11,3,22.0103,80.2111,0.18075,0.285878,0.34582,0.10759,0.148785,0.351078,0.083304,0.398021,0.256816,0.15768,0.092191,0.181845,0.089769,0.270311,2.025696,1.669318,-0.256552,14.440312,LOW
12,3,22.0103,80.2112,0.191358,0.177113,0.229912,0.283783,0.32318,0.415306,0.213757,0.256229,0.44916,0.278008,0.191692,0.276124,0.397759,1.107536,0.694199,0.76229,0.013679,10.128954,LOW
13,3,22.0103,80.2113,0.224585,0.242038,0.167923,0.175201,0.221599,0.25271,0.440075,0.247311,0.237725,0.075679,0.071827,0.27302,0.059233,0.708423,4.609229,1.03272,-0.218239,26.747374,LOW
14,3,22.0103,80.2114,0.069632,0.29518,0.307985,0.12008,0.053321,0.245145,0.421709,0.192707,0.448867,0.150406,0.05362,0.070485,0.396953,0.623124,0.177565,0.915771,0.260254,6.683166,LOW
15,3,22.0103,80.2115,0.169538,0.028235,0.156723,0.024436,0.027258,0.123342,0.347533,0.417417,0.277812,0.08153,0.047786,0.125995,0.23407,0.058541,0.538277,0.503127,-0.67512,1.509602,LOW
16,3,22.0103,80.2116,0.185001,0.183824,0.201733,0.132291,0.315609,0.04621,0.342908,0.182083,0.184031,0.182859,0.051807,0.346312,0.19167,0.726541,1.80681,0.620883,-0.447179,11.677931,LOW
17,3,22.0103,80.2117,0.213712,0.212774,0.056265,0.045617,0.33961,0.067536,0.297453,0.188294,0.409691,0.283607,0.189847,0.028083,0.491435,0.242267,0.057146,0.19611,0.237907,2.009814,LOW
18,3,22.0103,80.2118,0.099071,0.172449,0.190777,0.145957,0.219711,0.331123,0.332145,0.218357,0.182191,0.22542,0.155995,0.366842,0.480192,0.668432,0.763948,0.397545,-0.430744,5.864541,LOW
19,3,22.0103,80.2119,0.178423,0.105013,0.064374,0.209018,0.238349,0.105566,0.169374,0.08319,0.046299,0.119604,0.069814,0.28135,0.0871,2.512547,3.230185,0.742004,-0.147506,28.053845,LOW
20,3,22.0103,80.212,0.159012,0.094812,0.125546,0.251225,0.200232,0.23311,0.396154,0.506754,0.215507,0.173226,0.023225,0.431983,0.405163,0.495753,1.066195,0.450066,-0.264572,7.156642,LOW
21,3,22.0103,80.2121,0.114153,0.267835,0.101395,0.148677,0.101649,0.242924,0.356858,0.412441,0.13555,0.068263,0.016188,0.393536,0.232344,0.36048,1.693765,0.399553,-0.451593,8.723611,LOW
22,3,22.0103,80.2122,0.043388,0.266607,0.26163,0.217702,0.261463,0.418534,0.357546,0.459552,0.071392,0.149611,0.043162,0.47832,0.461967,0.473727,1.035398,0.509772,-0.374439,6.751864,LOW
23,3,22.0103,80.2123,0.101201,0.05854,0.23442,0.181926,0.164403,0.252375,0.207931,0.083656,0.129301,0.178244,0.18713,0.282934,0.375063,2.174695,0.754365,0.632746,-0.217289,14.291002,LOW
24,3,22.0103,80.2124,0.241601,0.228408,0.295982,0.272924,0.087301,0.284673,0.195588,0.334707,0.069316,0.282641,0.014324,0.391023,0.254341,0.815412,1.537401,0.881527,-0.177875,12.488587,LOW
25,3,22.0103,80.2125,0.0698,0.215747,0.313575,0.213955,0.163436,0.368822,0.394152,0.037146,0.153766,0.233708,0.080774,0.452152,0.252985,5.759835,1.787269,0.748125,-0.357595,35.882541,MEDIUM
26,3,22.0103,80.2126,0.046137,0.149338,0.056343,0.164486,0.248557,0.149546,0.421355,0.065668,0.287071,0.241914,0.02907,0.29417,0.314855,2.504815,0.934301,0.362594,-0.282748,15.634498,LOW
27,3,22.0103,80.2127,0.104566,0.131302,0.346663,0.230708,0.032069,0.315683,0.399502,0.076026,0.336961,0.155393,0.066153,0.036455,0.095231,3.034613,0.382808,4.384431,0.727093,31.272986,MEDIUM
28,3,22.0103,80.2128,0.043226,0.110739,0.300978,0.116018,0.385509,0.062161,0.254159,0.273312,0.456478,0.14239,0.158824,0.378043,0.061195,0.424487,6.177713,0.949363,-0.53035,31.537814,MEDIUM
29,3,22.0103,80.2129,0.081456,0.220868,0.136253,0.319913,0.181733,0.050532,0.08632,0.461921,0.079022,0.113508,0.069909,0.424812,0.407442,0.69257,1.04263,0.548108,-0.140856,8.663321,LOW
30,3,22.0103,80.213,0.230325,0.146693,0.208396,0.318114,0.205301,0.436683,0.270498,0.378811,0.147341,0.034385,0.058961,0.270732,0.365665,0.83977,0.740383,0.82733,0.080466,9.501602,LOW
31,3,22.0103,80.2131,0.09332,0.209771,0.044232,0.097033,0.205187,0.155821,0.118934,0.21929,0.224209,0.101284,0.123279,0.357265,0.39485,0.442485,0.904811,0.187823,-0.572823,4.364781,LOW
32,3,22.0103,80.2132,0.154755,0.215705,0.089941,0.253002,0.102424,0.216959,0.396006,0.32226,0.467868,0.076838,0.137502,0.18501,0.369569,0.785086,0.50061,0.618386,0.15523,7.700156,LOW
33,3,22.0103,80.2133,0.074911,0.294735,0.124392,0.063164,0.203096,0.085698,0.42507,0.502602,0.156574,0.167029,0.053539,0.202622,0.448798,0.125674,0.451476,0.287919,-0.524699,1.214646,LOW
34,3,22.0103,80.2134,0.173635,0.211392,0.188311,0.230015,0.166782,0.150742,0.270805,0.132059,0.256483,0.207644,0.046999,0.481818,0.440492,1.741763,1.093819,0.453564,-0.353738,12.864997,LOW
35,3,22.0103,80.2135,0.049361,0.042085,0.04956,0.34895,0.144112,0.407817,0.301823,0.200143,0.132426,0.246708,0.118308,0.22316,0.144864,1.743502,1.540478,1.082835,0.21987,18.731938,LOW
36,3,22.0103,80.2136,0.201656,0.082068,0.346628,0.240162,0.257064,0.420895,0.084104,0.490263,0.487006,0.153616,0.128945,0.128208,0.257277,0.489865,0.498325,1.522215,0.303919,9.59668,LOW
37,3,22.0103,80.2137,0.117278,0.18484,0.318509,0.193581,0.25945,0.28828,0.122976,0.202754,0.337873,0.28627,0.031341,0.105177,0.458912,0.954759,0.229189,0.907818,0.295904,8.568192,LOW
38,3,22.0103,80.2138,0.062242,0.026968,0.148251,0.133752,0.197806,0.107634,0.404006,0.191198,0.265867,0.14579,0.142107,0.161132,0.255257,0.699546,0.631254,0.677259,-0.092851,7.319915,LOW
39,3,22.0103,80.2139,0.194397,0.146975,0.291458,0.347065,0.346755,0.431063,0.366597,0.154008,0.219899,0.218411,0.039693,0.321373,0.422461,2.253551,0.760717,0.858421,0.038435,16.196761,LOW
0,4,22.0104,80.21,0.147485,0.105692,0.186604,0.144634,0.220639,0.356499,0.356827,0.3041,0.447646,0.045072,0.029539,0.273945,0.251686,0.475613,1.088436,0.630172,-0.308928,7.591166,LOW
1,4,22.0104,80.2101,0.120773,0.070102,0.100104,0.146495,0.323416,0.062365,0.048974,0.403941,0.498059,0.080209,0.150647,0.222088,0.077632,0.362664,2.860778,0.822765,-0.205092,16.304931,LOW
2,4,22.0104,80.2102,0.075344,0.032772,0.200681,0.184684,0.222008,0.313858,0.092865,0.082026,0.372288,0.178247,0.125144,0.442406,0.346723,2.251545,1.275965,0.488342,-0.41098,16.041503,LOW
3,4,22.0104,80.2103,0.199714,0.024707,0.064531,0.270771,0.191966,0.197793,0.311949,0.052249,0.305626,0.074362,0.067518,0.31223,0.255383,5.182298,1.222596,0.590722,-0.071114,30.926666,MEDIUM
4,4,22.0104,80.2104,0.104016,0.06757,0.229742,0.055336,0.318992,0.035251,0.321308,0.46696,0.475774,0.238664,0.011244,0.170736,0.330374,0.118503,0.516795,0.568893,-0.510455,2.411006,LOW
5,4,22.0104,80.2105,0.029911,0.282765,0.29779,0.108737,0.2273,0.126285,0.184172,0.424876,0.488966,0.140554,0.065672,0.022888,0.321565,0.255926,0.071177,1.18021,0.652223,6.514329,LOW
6,4,22.0104,80.2106,0.242035,0.111663,0.034032,0.210777,0.375077,0.255266,0.157711,0.108158,0.088144,0.057786,0.141235,0.457263,0.051662,1.948783,8.851111,0.481034,-0.368968,50.274694,MEDIUM
7,4,22.0104,80.2107,0.027007,0.28246,0.0477,0.081922,0.297217,0.266735,0.273208,0.515868,0.439603,0.235586,0.015794,0.076438,0.121618,0.158804,0.62851,0.65447,0.034628,5.097181,LOW
8,4,22.0104,80.2108,0.047708,0.047497,0.104578,0.194151,0.351736,0.434966,0.061447,0.174546,0.378389,0.248941,0.192842,0.459634,0.308131,1.112317,1.491683,0.389089,-0.406072,11.412931,LOW
9,4,22.0104,80.2109,0.127137,0.189124,0.07368,0.23349,0.277331,0.22074,0.172249,0.184705,0.401085,0.040636,0.110327,0.418558,0.209716,1.264119,1.995836,0.48891,-0.283827,15.185578,LOW
10,4,22.0104,80.211,0.067807,0.168118,0.0504,0.098761,0.27696,0.168485,0.240674,0.390431,0.290175,0.097677,0.146015,0.419824,0.150602,0.252952,2.787638,0.26149,-0.619115,12.395959,LOW
11,4,22.0104,80.2111,0.097081,0.197741,0.268748,0.110364,0.168337,0.40172,0.121518,0.504979,0.481507,0.219771,0.061556,0.23679,0.496998,0.218551,0.476441,0.51665,-0.36418,2.985272,LOW
12,4,22.0104,80.2112,0.15054,0.257295,0.099779,0.234284,0.327444,0.239745,0.041235,0.33605,0.331863,0.244462,0.08849,0.499038,0.069556,0.697169,7.174624,0.587524,-0.361035,36.892942,MEDIUM
13,4,22.0104,80.2113,0.240304,0.129169,0.267471,0.162307,0.359865,0.25449,0.251559,0.404341,0.291747,0.059507,0.046972,0.335664,0.319051,0.401412,1.052068,0.656437,-0.348125,7.031878,LOW
14,4,22.0104,80.2114,0.235352,0.206292,0.116101,0.143541,0.14443,0.104381,0.115019,0.305059,0.414177,0.283683,0.109794,0.442565,0.333464,0.470536,1.327173,0.334578,-0.510187,7.133304,LOW
15,4,22.0104,80.2115,0.036996,0.079165,0.166713,0.326545,0.063297,0.357222,0.201373,0.274614,0.055334,0.277159,0.199495,0.317331,0.495186,1.189106,0.640833,0.607075,0.01431,9.777727,LOW
16,4,22.0104,80.2116,0.216262,0.24002,0.263439,0.226081,0.028301,0.356076,0.085727,0.505867,0.209493,0.089983,0.052116,0.377827,0.182963,0.446918,2.065043,0.872912,-0.251273,12.978813,LOW
17,4,22.0104,80.2117,0.058599,0.169649,0.321118,0.093048,0.082474,0.259586,0.282009,0.15054,0.386899,0.214214,0.052266,0.173854,0.334943,0.618093,0.519057,0.81401,-0.302758,6.182389,LOW
18,4,22.0104,80.2118,0.20663,0.042505,0.171657,0.092328,0.15789,0.179367,0.135811,0.525818,0.052253,0.239991,0.012206,0.481687,0.479481,0.17559,1.0046,0.274651,-0.678307,3.522296,LOW
19,4,22.0104,80.2119,0.08816,0.102037,0.13477,0.215597,0.072412,0.268469,0.109917,0.232209,0.160545,0.071587,0.128751,0.182356,0.038493,0.92846,4.737374,1.586456,0.08353,31.05739,MEDIUM
20,4,22.0104,80.212,0.185102,0.05775,0.237431,0.20865,0.129362,0.373608,0.442378,0.46648,0.2621,0.221593,0.048927,0.188831,0.245764,0.447285,0.768343,1.026429,0.049861,8.318213,LOW
21,4,22.0104,80.2121,0.185322,0.228657,0.101687,0.077825,0.257756,0.31111,0.07699,0.467091,0.394003,0.281106,0.039893,0.188912,0.224719,0.166616,0.840659,0.433989,-0.416468,4.028459,LOW
22,4,22.0104,80.2122,0.215627,0.133066,0.097957,0.053975,0.066023,0.405084,0.420155,0.347784,0.346975,0.182338,0.060974,0.092358,0.1853,0.155196,0.498426,0.547187,-0.262303,3.205372,LOW
23,4,22.0104,80.2123,0.245314,0.166538,0.068965,0.116435,0.220366,0.206712,0.217946,0.061566,0.405114,0.221657,0.092303,0.088315,0.115203,1.891238,0.766604,0.910972,0.137336,14.998062,LOW
24,4,22.0104,80.2124,0.083361,0.190657,0.113879,0.320059,0.350993,0.300797,0.288945,0.486967,0.493306,0.103446,0.064605,0.050603,0.150012,0.657251,0.337328,2.163035,0.726958,12.95466,LOW
25,4,22.0104,80.2125,0.164511,0.124379,0.204849,0.281264,0.082439,0.265721,0.393313,0.336346,0.320466,0.226594,0.02688,0.413403,0.10821,0.836233,3.820356,0.931941,-0.190219,23.41782,LOW
26,4,22.0104,80.2126,0.19003,0.296068,0.228925,0.316862,0.024001,0.300967,0.206784,0.038724,0.336449,0.024228,0.103469,0.383236,0.424392,8.182477,0.903023,0.675789,-0.094807,43.697026,MEDIUM
27,4,22.0104,80.2127,0.038315,0.230832,0.32775,0.238704,0.277356,0.232528,0.272255,0.093636,0.150596,0.057246,0.174847,0.257851,0.118314,2.549282,2.179385,1.505866,-0.03856,26.025839,LOW
28,4,22.0104,80.2128,0.172481,0.201579,0.114996,0.287442,0.033116,0.259293,0.044182,0.504279,0.434369,0.079471,0.1601,0.204897,0.276717,0.570006,0.740457,0.835603,0.167659,8.534763,LOW
29,4,22.0104,80.2129,0.093949,0.062573,0.266949,0.34258,0.287653,0.19739,0.443221,0.541387,0.033802,0.147137,0.131872,0.273385,0.374092,0.632783,0.730798,0.941392,0.112335,8.941875,LOW
30,4,22.0104,80.213,0.057138,0.123876,0.227875,0.280841,0.259961,0.249804,0.020196,0.103425,0.345834,0.206,0.082004,0.293145,0.061533,2.715422,4.764023,1.434302,-0.021436,38.76317,MEDIUM
31,4,22.0104,80.2131,0.146378,0.126163,0.332719,0.105127,0.043278,0.138729,0.421793,0.46541,0.058579,0.049065,0.168771,0.086048,0.113464,0.22588,0.758374,2.194586,0.099797,11.043004,LOW
32,4,22.0104,80.2132,0.126233,0.217048,0.338304,0.039264,0.287954,0.407213,0.22527,0.141217,0.303599,0.153163,0.130335,0.380276,0.274548,0.278041,1.385099,0.576594,-0.812823,6.312224,LOW
33,4,22.0104,80.2133,0.152728,0.042784,0.175339,0.280856,0.29684,0.16105,0.358922,0.509214,0.413077,0.19892,0.031889,0.152107,0.226986,0.551548,0.670119,1.203383,0.297365,9.674351,LOW
34,4,22.0104,80.2134,0.167641,0.059189,0.153739,0.33286,0.216346,0.395068,0.308218,0.192673,0.477861,0.150491,0.161282,0.185366,0.029216,1.727593,6.344773,2.267667,0.284614,45.10973,MEDIUM
35,4,22.0104,80.2135,0.134694,0.242352,0.296663,0.125613,0.398876,0.374212,0.321602,0.451233,0.180383,0.196069,0.102254,0.057736,0.233394,0.278378,0.247373,1.450474,0.370211,7.409706,LOW
36,4,22.0104,80.2136,0.228185,0.127061,0.0273,0.230786,0.093039,0.325448,0.336149,0.126264,0.382918,0.243701,0.098368,0.200688,0.09048,1.827811,2.218039,0.886383,0.069757,21.22277,LOW
37,4,22.0104,80.2137,0.06092,0.103835,0.263095,0.09288,0.329985,0.285327,0.116573,0.501561,0.055718,0.058313,0.01777,0.201005,0.070271,0.185182,2.860429,1.312228,-0.367914,16.49229,LOW
38,4,22.0104,80.2138,0.086422,0.049414,0.297486,0.229882,0.267407,0.36356,0.277963,0.349782,0.426842,0.265694,0.025802,0.35425,0.13934,0.657215,2.542339,1.068432,-0.212911,16.936885,LOW
39,4,22.0104,80.2139,0.101931,0.043689,0.313636,0.043539,0.042071,0.337442,0.11806,0.181867,0.474952,0.251599,0.176148,0.126735,0.462669,0.239402,0.273922,0.605994,-0.488598,2.023099,LOW
0,5,22.0105,80.21,0.198108,0.137313,0.02661,0.062676,0.326542,0.251301,0.039663,0.337018,0.446838,0.078145,0.080671,0.125051,0.225578,0.185971,0.554357,0.254644,-0.332265,2.478226,LOW
1,5,22.0105,80.2101,0.169983,0.148793,0.222037,0.293528,0.232619,0.032914,0.151417,0.544115,0.350607,0.155963,0.053839,0.323502,0.317421,0.53946,1.019157,0.804411,-0.048577,8.925175,LOW
2,5,22.0105,80.2102,0.067477,0.291575,0.153759,0.223106,0.11591,0.215003,0.159882,0.222995,0.275207,0.181562,0.103641,0.104423,0.32402,1.000498,0.322272,0.879616,0.36236,9.339267,LOW
3,5,22.0105,80.2103,0.191222,0.206037,0.042795,0.257391,0.376371,0.163112,0.440047,0.474756,0.167271,0.200373,0.14817,0.383285,0.411691,0.542154,0.931002,0.377604,-0.196501,6.726264,LOW
4,5,22.0105,80.2104,0.197454,0.082171,0.282735,0.142199,0.26268,0.438724,0.112671,0.347735,0.155038,0.144078,0.050337,0.372892,0.144029,0.40893,2.58901,0.82205,-0.447867,14.485097,LOW
5,5,22.0105,80.2105,0.197156,0.21131,0.155583,0.305869,0.172833,0.173304,0.033496,0.037979,0.138635,0.095872,0.049855,0.071918,0.174728,8.053652,0.411602,1.870912,0.619266,46.759029,MEDIUM
6,5,22.0105,80.2106,0.038026,0.023581,0.209825,0.117864,0.321139,0.30732,0.40084,0.332376,0.162272,0.287917,0.17264,0.420009,0.423089,0.354611,0.99272,0.388672,-0.56174,5.027917,LOW
7,5,22.0105,80.2107,0.068792,0.228477,0.14046,0.065304,0.229053,0.133473,0.232698,0.413181,0.253048,0.104115,0.112571,0.459423,0.357597,0.158051,1.284752,0.251847,-0.751094,4.455542,LOW
8,5,22.0105,80.2108,0.225939,0.107556,0.118686,0.07427,0.285506,0.436186,0.059063,0.331279,0.384621,0.09494,0.073512,0.154958,0.330686,0.224191,0.468597,0.397318,-0.352002,2.639724,LOW
9,5,22.0105,80.2109,0.222269,0.210246,0.285213,0.066323,0.362214,0.439402,0.114719,0.483434,0.375351,0.162177,0.070015,0.385821,0.289719,0.137192,1.331707,0.520378,-0.706628,5.557121,LOW
10,5,22.0105,80.211,0.067282,0.287504,0.292898,0.250524,0.373751,0.264652,0.438988,0.221211,0.406903,0.197521,0.14182,0.0943,0.359087,1.132509,0.262611,1.198582,0.453053,10.960265,LOW
11,5,22.0105,80.2111,0.146816,0.296944,0.068572,0.347764,0.072713,0.44763,0.099316,0.39631,0.347502,0.234824,0.059933,0.207961,0.396566,0.877506,0.524404,0.688698,0.251569,8.766803,LOW
12,5,22.0105,80.2112,0.080417,0.175407,0.187379,0.194341,0.242503,0.187501,0.185199,0.516038,0.386289,0.222471,0.065792,0.327524,0.399934,0.376601,0.818944,0.524731,-0.255206,5.700219,LOW
13,5,22.0105,80.2113,0.115745,0.03955,0.066487,0.108375,0.166895,0.029747,0.406563,0.14514,0.309959,0.127969,0.019684,0.432315,0.4986,0.74669,0.867057,0.187839,-0.599125,5.532836,LOW
14,5,22.0105,80.2114,0.024817,0.037296,0.059063,0.027829,0.195581,0.418959,0.437217,0.09853,0.166454,0.079059,0.09281,0.226723,0.46041,0.282442,0.492438,0.126456,-0.781351,0.834504,LOW
15,5,22.0105,80.2115,0.084805,0.095952,0.061595,0.278774,0.036709,0.13145,0.441147,0.325294,0.360448,0.060149,0.079838,0.496868,0.141547,0.856992,3.510276,0.533148,-0.281178,20.528162,LOW
16,5,22.0105,80.2116,0.082257,0.046389,0.280132,0.07941,0.069853,0.258236,0.052385,0.471489,0.492552,0.175238,0.040077,0.349583,0.406766,0.168423,0.85942,0.475365,-0.629786,3.5871,LOW
17,5,22.0105,80.2117,0.2314,0.100601,0.27896,0.251093,0.334972,0.417251,0.034502,0.140719,0.434983,0.037617,0.142591,0.025509,0.153863,1.78436,0.165791,2.955055,0.815554,20.19333,LOW
18,5,22.0105,80.2118,0.155233,0.267968,0.167348,0.110176,0.315865,0.122878,0.392763,0.515602,0.16658,0.259704,0.030348,0.491321,0.041434,0.213684,11.858016,0.520923,-0.633661,55.539221,MEDIUM
19,5,22.0105,80.2119,0.060829,0.106083,0.079213,0.27612,0.082119,0.249943,0.369809,0.391552,0.331185,0.256954,0.060396,0.442776,0.353008,0.705193,1.254295,0.44652,-0.231822,9.113403,LOW
20,5,22.0105,80.212,0.11834,0.11223,0.028287,0.226453,0.28897,0.255588,0.135363,0.394039,0.139624,0.272972,0.044841,0.262542,0.451819,0.574697,0.581077,0.356599,-0.073801,5.555122,LOW
21,5,22.0105,80.2121,0.133375,0.252687,0.045683,0.16521,0.21011,0.255889,0.115316,0.48842,0.186489,0.219451,0.145165,0.339863,0.369917,0.338253,0.918755,0.297123,-0.345799,4.993217,LOW
22,5,22.0105,80.2122,0.166593,0.233063,0.322462,0.107131,0.361332,0.287007,0.032458,0.529732,0.293695,0.150869,0.010411,0.232604,0.400582,0.202236,0.580664,0.678463,-0.369326,3.887857,LOW
23,5,22.0105,80.2123,0.142463,0.11034,0.127925,0.21433,0.168808,0.203329,0.289976,0.128175,0.497871,0.177678,0.154766,0.032614,0.257287,1.672174,0.126761,1.180593,0.735861,13.683528,LOW
24,5,22.0105,80.2124,0.116828,0.160664,0.059378,0.249053,0.137004,0.214707,0.219327,0.487678,0.475688,0.079631,0.078374,0.217994,0.276638,0.510691,0.788012,0.623556,0.0665,7.499794,LOW
25,5,22.0105,80.2125,0.091482,0.176831,0.325986,0.031798,0.029972,0.312854,0.40534,0.343594,0.035158,0.103737,0.101122,0.134042,0.10011,0.092545,1.338951,1.527995,-0.616523,8.815551,LOW
26,5,22.0105,80.2126,0.15225,0.222408,0.325281,0.121049,0.113552,0.42525,0.1944,0.526947,0.442469,0.113825,0.113503,0.185434,0.490782,0.229718,0.377833,0.660042,-0.210074,3.50561,LOW
27,5,22.0105,80.2127,0.244441,0.057505,0.163206,0.269836,0.023183,0.415027,0.25386,0.068994,0.478758,0.165008,0.071982,0.101343,0.488113,3.910991,0.207622,0.734646,0.453939,22.291339,LOW
28,5,22.0105,80.2128,0.147187,0.230974,0.12929,0.108372,0.200696,0.171001,0.234763,0.468085,0.409266,0.248691,0.134668,0.169343,0.477042,0.231522,0.354986,0.367679,-0.219547,2.462653,LOW
29,5,22.0105,80.2129,0.224013,0.047182,0.096081,0.259929,0.133491,0.15022,0.185971,0.155477,0.157508,0.282767,0.120073,0.097055,0.150313,1.67181,0.645685,1.439189,0.45625,16.051057,LOW
30,5,22.0105,80.213,0.023513,0.184391,0.211305,0.15423,0.17807,0.239276,0.192289,0.114675,0.312521,0.2331,0.147439,0.110804,0.243631,1.344928,0.454803,1.031319,0.16385,11.430911,LOW
31,5,22.0105,80.2131,0.066712,0.284658,0.097062,0.245966,0.085533,0.368318,0.238091,0.525818,0.32335,0.234961,0.096038,0.052339,0.083856,0.467778,0.624157,2.518649,0.64909,14.280351,LOW
32,5,22.0105,80.2132,0.218897,0.068005,0.100508,0.324644,0.221114,0.341931,0.431024,0.030533,0.304506,0.272155,0.108,0.423912,0.111987,10.63257,3.785358,0.793343,-0.132612,68.968158,HIGH
33,5,22.0105,80.2133,0.150979,0.236878,0.326572,0.075102,0.265753,0.077753,0.443445,0.324194,0.128556,0.116658,0.190841,0.241858,0.280623,0.231657,0.861863,0.768781,-0.526112,5.137468,LOW
34,5,22.0105,80.2134,0.132138,0.129589,0.039755,0.32499,0.154092,0.426806,0.187285,0.441392,0.191747,0.168856,0.177847,0.303113,0.264225,0.736285,1.147178,0.642906,0.03483,10.205161,LOW
35,5,22.0105,80.2135,0.104825,0.085243,0.082362,0.313654,0.117407,0.204951,0.303389,0.183502,0.414181,0.278004,0.188601,0.127132,0.042728,1.70927,2.975365,2.33143,0.423159,29.846152,LOW
36,5,22.0105,80.2136,0.087911,0.163833,0.045841,0.188173,0.284786,0.136042,0.375624,0.16912,0.163678,0.260123,0.095083,0.494461,0.337695,1.112661,1.464223,0.281215,-0.448684,10.814934,LOW
37,5,22.0105,80.2137,0.176131,0.073355,0.032232,0.034955,0.327599,0.280556,0.05004,0.220413,0.12105,0.126649,0.151863,0.451231,0.284538,0.158588,1.58584,0.091316,-0.856208,5.039874,LOW
38,5,22.0105,80.2138,0.104119,0.144658,0.052635,0.286734,0.16618,0.183775,0.263745,0.319238,0.125202,0.247952,0.098037,0.409214,0.37157,0.898183,1.101311,0.434651,-0.175991,9.438651,LOW
39,5,22.0105,80.2139,0.120104,0.184064,0.32368,0.214955,0.289062,0.340363,0.40471,0.387166,0.367729,0.111403,0.042652,0.135131,0.223201,0.555202,0.605422,1.503173,0.228014,10.108787,LOW
0,6,22.0106,80.21,0.198675,0.235821,0.332917,0.12345,0.381793,0.347854,0.281601,0.109084,0.4827,0.146962,0.046206,0.101349,0.095537,1.131701,1.060834,2.317931,0.098317,17.093913,LOW
1,6,22.0106,80.2101,0.237622,0.247912,0.343227,0.034018,0.267897,0.390658,0.286063,0.2301,0.126948,0.295677,0.118383,0.406843,0.284058,0.147839,1.432251,0.546018,-0.845675,5.724107,LOW
2,6,22.0106,80.2102,0.248541,0.268747,0.133289,0.147607,0.334231,0.364058,0.264027,0.244715,0.241219,0.278238,0.030814,0.293177,0.294785,0.60318,0.994544,0.477746,-0.330252,7.205647,LOW
3,6,22.0106,80.2103,0.131531,0.156115,0.341669,0.044326,0.394823,0.44847,0.177912,0.451987,0.167884,0.297258,0.053763,0.485668,0.250457,0.098068,1.939126,0.52436,-0.832732,7.84174,LOW
4,6,22.0106,80.2104,0.051779,0.276055,0.324244,0.167824,0.209459,0.120143,0.125207,0.508902,0.14981,0.192755,0.026651,0.106379,0.020758,0.329777,5.12478,3.870365,0.224085,37.650305,MEDIUM
5,6,22.0106,80.2105,0.025732,0.270921,0.126789,0.04145,0.390677,0.258684,0.298924,0.452236,0.033264,0.07554,0.029468,0.466747,0.058521,0.091655,7.975694,0.32029,-0.836876,35.48604,MEDIUM
6,6,22.0106,80.2106,0.133771,0.156838,0.213636,0.238856,0.08103,0.204331,0.253483,0.269688,0.448253,0.136837,0.166005,0.496257,0.200095,0.885673,2.480102,0.649803,-0.350152,15.977957,LOW
7,6,22.0106,80.2107,0.037562,0.050667,0.229181,0.225703,0.232335,0.369522,0.349193,0.456448,0.171483,0.260044,0.132178,0.038721,0.020659,0.494477,1.874308,7.660546,0.707128,36.538421,MEDIUM
8,6,22.0106,80.2108,0.047074,0.122105,0.078234,0.096429,0.201774,0.318781,0.085763,0.194865,0.363888,0.084073,0.091077,0.243267,0.404107,0.494849,0.601986,0.269802,-0.432264,3.885677,LOW
9,6,22.0106,80.2109,0.074013,0.228826,0.274078,0.227889,0.20778,0.228686,0.377014,0.469059,0.459907,0.067639,0.052616,0.411808,0.498912,0.485842,0.825412,0.551177,-0.28751,6.224842,LOW
10,6,22.0106,80.211,0.248158,0.176916,0.222244,0.07771,0.029827,0.327156,0.099013,0.266543,0.241285,0.210575,0.191351,0.13718,0.468588,0.291546,0.292752,0.495163,-0.276749,2.672144,LOW
11,6,22.0106,80.2111,0.057313,0.072432,0.125947,0.062156,0.393186,0.223106,0.058331,0.286853,0.065651,0.089096,0.011083,0.109739,0.398685,0.216684,0.275254,0.369974,-0.276812,1.846934,LOW
12,6,22.0106,80.2112,0.04533,0.261124,0.26378,0.138467,0.068766,0.421376,0.272493,0.110118,0.476691,0.027834,0.197021,0.240957,0.426953,1.257448,0.564364,0.602247,-0.27012,8.834725,LOW
13,6,22.0106,80.2113,0.230662,0.200856,0.169164,0.079706,0.062125,0.215205,0.291565,0.141779,0.457556,0.051714,0.118844,0.124033,0.026955,0.562182,4.60152,1.648283,-0.217569,27.95271,LOW
14,6,22.0106,80.2114,0.163076,0.055972,0.062713,0.17371,0.322528,0.167884,0.224689,0.351393,0.082069,0.290492,0.10676,0.486205,0.176489,0.494346,2.754871,0.35676,-0.473539,14.128335,LOW
15,6,22.0106,80.2115,0.190177,0.24963,0.158755,0.207085,0.338856,0.232074,0.077257,0.335024,0.204069,0.123274,0.105596,0.227945,0.239775,0.618119,0.950663,0.782176,-0.047953,8.905269,LOW
16,6,22.0106,80.2116,0.101589,0.164098,0.058647,0.172854,0.169778,0.206653,0.208138,0.263263,0.416549,0.112748,0.119561,0.098091,0.244307,0.656584,0.401507,0.676119,0.275936,7.19035,LOW
17,6,22.0106,80.2117,0.234781,0.120112,0.155185,0.197826,0.243949,0.227004,0.385735,0.42965,0.103841,0.185596,0.116898,0.402474,0.045894,0.460435,8.769578,0.787324,-0.34091,43.954167,MEDIUM
18,6,22.0106,80.2118,0.244503,0.166626,0.103006,0.299762,0.323328,0.332058,0.037346,0.547969,0.263762,0.192385,0.187288,0.476417,0.424108,0.547042,1.123338,0.447259,-0.227595,7.772338,LOW
19,6,22.0106,80.2119,0.148445,0.17126,0.043831,0.3463,0.373537,0.210104,0.121944,0.365113,0.30029,0.299357,0.120275,0.434931,0.394825,0.948474,1.101578,0.470176,-0.11345,9.982657,LOW
20,6,22.0106,80.212,0.246973,0.293855,0.067433,0.044215,0.076873,0.235946,0.149749,0.150792,0.178781,0.109223,0.105325,0.162005,0.135737,0.293215,1.193523,0.374981,-0.57119,5.609675,LOW
21,6,22.0106,80.2121,0.136333,0.211682,0.053724,0.222155,0.291746,0.050909,0.050981,0.324572,0.422821,0.188724,0.067746,0.364584,0.158148,0.684456,2.305328,0.527764,-0.242747,14.167894,LOW
22,6,22.0106,80.2122,0.12114,0.096627,0.266161,0.027088,0.207355,0.347362,0.316227,0.175149,0.298371,0.104844,0.061603,0.207968,0.173266,0.154656,1.20028,0.769207,-0.769521,5.60402,LOW
23,6,22.0106,80.2123,0.20065,0.136773,0.307482,0.192025,0.371408,0.434738,0.237455,0.441023,0.429851,0.296913,0.044631,0.399953,0.080642,0.435408,4.95963,1.039353,-0.351242,26.715181,LOW
24,6,22.0106,80.2124,0.168177,0.051328,0.105101,0.152598,0.220836,0.321509,0.254877,0.121145,0.360472,0.176071,0.065359,0.159799,0.036957,1.25963,4.32393,1.309738,-0.023051,29.472285,LOW
25,6,22.0106,80.2125,0.066122,0.119384,0.156667,0.022838,0.045832,0.39438,0.228149,0.287467,0.226902,0.102987,0.168953,0.280363,0.263673,0.079446,1.063299,0.329951,-0.849354,2.98451,LOW
26,6,22.0106,80.2126,0.138436,0.246064,0.316829,0.328134,0.388591,0.158172,0.259178,0.295071,0.104478,0.297706,0.018936,0.137983,0.069469,1.112054,1.986265,3.108973,0.407946,24.787338,LOW
27,6,22.0106,80.2127,0.023786,0.133195,0.131859,0.149234,0.378784,0.412095,0.286007,0.305233,0.336772,0.214011,0.164013,0.067709,0.338289,0.48892,0.200151,0.692351,0.375791,5.821925,LOW
28,6,22.0106,80.2128,0.221402,0.246693,0.225774,0.18789,0.057577,0.057865,0.042184,0.411441,0.198746,0.199342,0.05881,0.197772,0.032778,0.456662,6.033765,1.794252,-0.025624,35.235254,MEDIUM
29,6,22.0106,80.2129,0.144763,0.108174,0.257803,0.272079,0.091302,0.445207,0.304403,0.141591,0.255527,0.175544,0.060698,0.037653,0.174598,1.921578,0.215654,2.496484,0.756868,19.453075,LOW
30,6,22.0106,80.213,0.030623,0.194442,0.21757,0.214717,0.054883,0.406502,0.393128,0.349526,0.08975,0.25055,0.075801,0.483232,0.172027,0.614309,2.809053,0.65972,-0.38472,16.171062,LOW
31,6,22.0106,80.2131,0.235685,0.040587,0.346276,0.304388,0.205187,0.448584,0.102136,0.211426,0.396974,0.287009,0.154087,0.352465,0.026649,1.439695,13.226028,1.716274,-0.073193,73.203928,HIGH
32,6,22.0106,80.2132,0.24987,0.057411,0.040652,0.041259,0.066816,0.173147,0.111381,0.449525,0.418134,0.19954,0.16868,0.064737,0.180405,0.091784,0.358842,0.334141,-0.221493,1.714044,LOW
33,6,22.0106,80.2133,0.18958,0.134465,0.055492,0.029391,0.344276,0.035527,0.053048,0.364458,0.488796,0.298145,0.131771,0.447957,0.298237,0.080643,1.502017,0.113754,-0.876858,4.28639,LOW
34,6,22.0106,80.2134,0.119204,0.276695,0.345569,0.080757,0.158015,0.353926,0.074962,0.537063,0.315679,0.288516,0.175364,0.443701,0.325262,0.150368,1.364133,0.554417,-0.692036,5.923233,LOW
35,6,22.0106,80.2135,0.156026,0.219357,0.206678,0.227121,0.270366,0.07709,0.115575,0.172097,0.133995,0.067199,0.139562,0.076754,0.348704,1.319729,0.220111,1.019607,0.494834,11.210169,LOW
36,6,22.0106,80.2136,0.022353,0.0817,0.142838,0.224506,0.237426,0.341843,0.170678,0.054853,0.456888,0.23387,0.182076,0.41823,0.309973,4.092864,1.349247,0.504453,-0.301406,25.418666,LOW
37,6,22.0106,80.2137,0.044943,0.103308,0.330762,0.080344,0.379096,0.181917,0.174458,0.365429,0.036195,0.273609,0.184858,0.065331,0.318705,0.219861,0.204989,1.070488,0.103057,4.911829,LOW
38,6,22.0106,80.2138,0.09613,0.032559,0.320246,0.038254,0.342153,0.083978,0.058169,0.156081,0.225152,0.052499,0.186468,0.384866,0.443671,0.24509,0.867459,0.43269,-0.819182,3.258599,LOW
39,6,22.0106,80.2139,0.114592,0.199592,0.31129,0.197209,0.316334,0.155815,0.360318,0.164606,0.211284,0.073885,0.113088,0.062921,0.354387,1.198069,0.17755,1.218524,0.516232,11.128786,LOW
0,7,22.0107,80.21,0.193868,0.285225,0.02946,0.317861,0.025735,0.061808,0.200153,0.513534,0.291872,0.067829,0.060635,0.055483,0.0739,0.618967,0.750787,2.684436,0.702778,16.270543,LOW
1,7,22.0107,80.2101,0.059268,0.199832,0.154569,0.081024,0.177081,0.23315,0.279464,0.10805,0.191825,0.168774,0.109407,0.316981,0.371205,0.749872,0.853926,0.342338,-0.592851,5.989085,LOW
2,7,22.0107,80.2102,0.046704,0.231527,0.294684,0.1613,0.271794,0.140195,0.19481,0.325564,0.243342,0.042646,0.185215,0.347494,0.437284,0.495449,0.794664,0.581036,-0.36595,5.973668,LOW
3,7,22.0107,80.2103,0.180417,0.126336,0.159257,0.29586,0.186593,0.129878,0.198884,0.120164,0.346832,0.071837,0.052381,0.240803,0.156946,2.462142,1.534304,1.144233,0.102592,21.900272,LOW
4,7,22.0107,80.2104,0.224247,0.238417,0.248034,0.289185,0.060297,0.021743,0.079582,0.322793,0.28346,0.093795,0.129517,0.153916,0.215521,0.895885,0.71416,1.454156,0.305277,12.305989,LOW
5,7,22.0107,80.2105,0.222323,0.157106,0.29148,0.223706,0.095098,0.347518,0.212878,0.066214,0.036408,0.229839,0.094206,0.166391,0.192141,3.378532,0.865985,1.436934,0.146925,24.118639,LOW
6,7,22.0107,80.2106,0.190641,0.218873,0.243079,0.266501,0.268307,0.36103,0.216149,0.466587,0.104227,0.079799,0.060354,0.469737,0.390663,0.571171,1.202409,0.59226,-0.276046,8.558623,LOW
7,7,22.0107,80.2107,0.24622,0.09243,0.112696,0.16264,0.027829,0.257438,0.152,0.412038,0.042538,0.279416,0.052381,0.267906,0.148748,0.394722,1.801073,0.660827,-0.244493,10.853008,LOW
8,7,22.0107,80.2108,0.140081,0.217322,0.257039,0.267345,0.216583,0.269539,0.262186,0.312342,0.480311,0.049893,0.161998,0.3938,0.207115,0.855936,1.901354,0.872642,-0.191267,14.31685,LOW
9,7,22.0107,80.2109,0.198128,0.085444,0.331025,0.062859,0.170076,0.342209,0.048098,0.368612,0.16893,0.19802,0.134277,0.468395,0.022777,0.170528,20.564199,0.801926,-0.763358,96.662566,HIGH
10,7,22.0107,80.211,0.115951,0.114022,0.160977,0.057982,0.059956,0.436419,0.329012,0.524723,0.43838,0.155475,0.06368,0.163338,0.040989,0.1105,3.984905,1.071606,-0.476037,20.327344,LOW
11,7,22.0107,80.2111,0.101249,0.099645,0.12206,0.203335,0.318972,0.377859,0.073673,0.039421,0.283937,0.060598,0.147588,0.049908,0.275556,5.158013,0.181116,0.999788,0.605852,29.323086,LOW
12,7,22.0107,80.2112,0.229489,0.142618,0.231856,0.287054,0.267408,0.257763,0.226104,0.31477,0.29357,0.112874,0.180457,0.260564,0.020398,0.911947,12.773736,1.846901,0.048372,69.394148,HIGH
13,7,22.0107,80.2113,0.119063,0.080331,0.100287,0.320062,0.36642,0.42621,0.145204,0.12408,0.12006,0.214827,0.059331,0.020615,0.347423,2.57947,0.059337,1.142134,0.878976,17.951895,LOW
14,7,22.0107,80.2114,0.191688,0.189157,0.130671,0.171854,0.291185,0.304891,0.22148,0.09961,0.070246,0.181091,0.147484,0.342195,0.489504,1.725271,0.699066,0.363744,-0.331371,10.724286,LOW
15,7,22.0107,80.2115,0.134315,0.200774,0.143119,0.199485,0.342774,0.175492,0.069736,0.379188,0.270262,0.092909,0.176659,0.192655,0.094594,0.526084,2.036652,1.192705,0.017416,15.05798,LOW
16,7,22.0107,80.2116,0.045809,0.083767,0.296557,0.347002,0.306508,0.324423,0.331013,0.132634,0.137388,0.158442,0.073708,0.078717,0.072998,2.616236,1.078345,4.241875,0.630191,31.824438,MEDIUM
17,7,22.0107,80.2117,0.049181,0.236081,0.265913,0.317714,0.134578,0.319654,0.070456,0.060214,0.486918,0.059628,0.021822,0.0599,0.103531,5.276415,0.578567,3.571095,0.682746,40.027855,MEDIUM
18,7,22.0107,80.2118,0.137328,0.205949,0.302777,0.18426,0.255801,0.432807,0.322481,0.474851,0.382392,0.063194,0.113872,0.480561,0.373557,0.388037,1.286444,0.570222,-0.445686,7.494001,LOW
19,7,22.0107,80.2119,0.182766,0.288306,0.021131,0.122861,0.31008,0.243334,0.184105,0.195904,0.077276,0.10808,0.083499,0.438544,0.307258,0.627149,1.42728,0.19307,-0.562308,7.732213,LOW
20,7,22.0107,80.212,0.190771,0.26237,0.079956,0.10708,0.274776,0.217934,0.089109,0.232434,0.186538,0.091889,0.188056,0.044007,0.17247,0.460691,0.255159,0.864001,0.417461,6.614902,LOW
21,7,22.0107,80.2121,0.09721,0.285064,0.321358,0.133967,0.069087,0.02725,0.024461,0.522558,0.361699,0.115036,0.016707,0.082797,0.152395,0.256367,0.543303,1.935972,0.236063,9.794138,LOW
22,7,22.0107,80.2122,0.022118,0.278133,0.217267,0.037825,0.294501,0.253804,0.181676,0.457366,0.352884,0.229925,0.058172,0.137342,0.19843,0.082702,0.692143,0.759721,-0.568125,3.482368,LOW
23,7,22.0107,80.2123,0.142672,0.273713,0.332339,0.066515,0.393837,0.137768,0.328987,0.153956,0.31961,0.02545,0.056607,0.186362,0.135011,0.432041,1.380342,1.241095,-0.473932,10.151372,LOW
24,7,22.0107,80.2124,0.0636,0.295444,0.148166,0.186976,0.201785,0.355768,0.219903,0.344002,0.475679,0.202057,0.045222,0.49953,0.02893,0.543531,17.266801,0.634185,-0.455283,83.379257,HIGH
25,7,22.0107,80.2125,0.093628,0.287511,0.086968,0.163707,0.284993,0.409246,0.159114,0.339534,0.056631,0.049369,0.188165,0.140649,0.030419,0.482152,4.623728,1.465356,0.07576,28.02675,LOW
26,7,22.0107,80.2126,0.150283,0.119834,0.232637,0.117631,0.092238,0.402096,0.34854,0.50594,0.443938,0.296427,0.146192,0.027452,0.359677,0.2325,0.076323,0.904785,0.621572,5.471073,LOW
27,7,22.0107,80.2127,0.110122,0.057093,0.088245,0.179864,0.125391,0.058478,0.093834,0.442913,0.305409,0.047246,0.148239,0.146298,0.032279,0.406093,4.532356,1.501361,0.10291,27.438666,LOW
28,7,22.0107,80.2128,0.12557,0.280463,0.112931,0.123637,0.333279,0.287263,0.408424,0.274959,0.413575,0.182917,0.101721,0.441989,0.387672,0.449655,1.140109,0.285138,-0.562832,5.838206,LOW
29,7,22.0107,80.2129,0.031606,0.107567,0.15568,0.340947,0.129169,0.30492,0.058087,0.509749,0.067674,0.232953,0.164018,0.31333,0.385709,0.668853,0.81235,0.710442,0.042209,8.55196,LOW
30,7,22.0107,80.213,0.062094,0.262334,0.269356,0.055927,0.194095,0.132928,0.325243,0.257718,0.084168,0.039273,0.116264,0.342983,0.102986,0.217011,3.330391,0.729386,-0.719599,15.923449,LOW
31,7,22.0107,80.2131,0.213636,0.298756,0.199075,0.11195,0.069543,0.242762,0.284921,0.202371,0.410883,0.113602,0.095344,0.343536,0.28797,0.55319,1.192957,0.492512,-0.508439,7.390879,LOW
32,7,22.0107,80.2132,0.137733,0.193934,0.206748,0.298467,0.241607,0.276259,0.149335,0.256553,0.363016,0.172473,0.190217,0.154237,0.394171,1.163373,0.391296,0.921238,0.318595,10.420709,LOW
33,7,22.0107,80.2133,0.223577,0.100218,0.180628,0.156049,0.220457,0.13409,0.330121,0.142762,0.168141,0.254179,0.04981,0.382075,0.042647,1.093072,8.95904,0.7927,-0.420025,47.581082,MEDIUM
34,7,22.0107,80.2134,0.217179,0.205927,0.333434,0.101033,0.256152,0.2015,0.25547,0.286082,0.222564,0.141355,0.169402,0.122281,0.491051,0.35316,0.249018,0.708371,-0.095147,3.9911,LOW
35,7,22.0107,80.2135,0.064429,0.256585,0.349027,0.29266,0.141087,0.382705,0.369255,0.374551,0.393079,0.086359,0.107477,0.395543,0.233808,0.781362,1.691744,1.019603,-0.149495,13.573763,LOW
36,7,22.0107,80.2136,0.111907,0.067671,0.1853,0.313985,0.206134,0.104876,0.216333,0.087759,0.381793,0.218659,0.014745,0.268185,0.319818,3.577811,0.838555,0.849118,0.07867,22.872671,LOW
37,7,22.0107,80.2137,0.140929,0.265578,0.197956,0.058984,0.06307,0.449357,0.252878,0.547504,0.37542,0.027901,0.032854,0.129816,0.252336,0.107732,0.514459,0.672349,-0.375174,3.096333,LOW
38,7,22.0107,80.2138,0.042428,0.221249,0.022487,0.327159,0.351916,0.296038,0.290227,0.039153,0.481382,0.221521,0.041891,0.253272,0.279628,8.355965,0.905746,0.656119,0.127296,45.157131,MEDIUM
39,7,22.0107,80.2139,0.039632,0.278495,0.271841,0.145065,0.188671,0.449141,0.049204,0.14463,0.43806,0.06379,0.082282,0.306992,0.098657,1.003004,3.111719,1.027751,-0.3582,20.649423,LOW
0,8,22.0108,80.21,0.213542,0.116835,0.251048,0.290814,0.072632,0.256862,0.071995,0.050583,0.310195,0.154465,0.131501,0.174882,0.463261,5.749295,0.377502,0.849123,0.248943,31.431293,MEDIUM
1,8,22.0108,80.2101,0.210144,0.274902,0.045344,0.295688,0.25407,0.351055,0.077949,0.548449,0.416703,0.127247,0.051474,0.347131,0.078708,0.539135,4.410349,0.800847,-0.080027,24.726798,LOW
2,8,22.0108,80.2102,0.108157,0.071568,0.062958,0.120678,0.313892,0.37828,0.3073,0.422231,0.384933,0.111205,0.066778,0.111305,0.421153,0.28581,0.264287,0.344883,0.0404,3.033668,LOW
3,8,22.0108,80.2103,0.182514,0.223325,0.03884,0.18342,0.219637,0.14894,0.381613,0.124215,0.30235,0.181364,0.06907,0.409687,0.085677,1.476638,4.781787,0.448681,-0.381494,28.824107,LOW
4,8,22.0108,80.2104,0.139125,0.28066,0.161891,0.134842,0.324082,0.411853,0.144702,0.285459,0.11369,0.153125,0.160183,0.147206,0.488476,0.472371,0.301358,0.466796,-0.043835,4.20089,LOW
5,8,22.0108,80.2105,0.19196,0.17463,0.207332,0.181554,0.065028,0.06907,0.329057,0.333653,0.331289,0.26122,0.106146,0.338408,0.185465,0.544141,1.824642,0.74233,-0.301663,11.740844,LOW
6,8,22.0108,80.2106,0.092493,0.062168,0.04609,0.10613,0.378365,0.347955,0.126605,0.505048,0.321249,0.208017,0.066682,0.276269,0.239896,0.210139,1.15162,0.294906,-0.444925,5.167721,LOW
7,8,22.0108,80.2107,0.129028,0.289211,0.33354,0.117238,0.07,0.235814,0.260349,0.12564,0.115642,0.143246,0.135845,0.466964,0.385247,0.933125,1.212114,0.528951,-0.598639,9.095386,LOW
8,8,22.0108,80.2108,0.22538,0.184427,0.037473,0.040252,0.203048,0.425814,0.355944,0.31817,0.400902,0.038793,0.095167,0.435329,0.453677,0.126512,0.959557,0.087429,-0.830724,2.018179,LOW
9,8,22.0108,80.2109,0.207828,0.097099,0.071396,0.058933,0.290813,0.245707,0.295257,0.302511,0.400748,0.026475,0.176356,0.412082,0.122128,0.194814,3.374192,0.243966,-0.74976,14.411962,LOW
10,8,22.0108,80.211,0.091292,0.277499,0.280336,0.285021,0.23324,0.338027,0.373536,0.224431,0.419246,0.049256,0.174609,0.190009,0.243564,1.269972,0.780119,1.303946,0.200012,13.571655,LOW
11,8,22.0108,80.2111,0.222807,0.251424,0.23587,0.167394,0.172303,0.177031,0.04564,0.31471,0.308341,0.256034,0.165824,0.102879,0.217016,0.5319,0.474063,1.260612,0.238702,8.657705,LOW
12,8,22.0108,80.2112,0.111705,0.282738,0.300271,0.109508,0.358211,0.168019,0.20465,0.509428,0.478135,0.095453,0.087717,0.457891,0.022701,0.214964,20.170636,0.852656,-0.613999,95.650259,HIGH
13,8,22.0108,80.2113,0.176947,0.201188,0.319452,0.04655,0.068658,0.323678,0.397152,0.393657,0.117032,0.171661,0.162315,0.183668,0.132876,0.11825,1.38225,1.156242,-0.595603,8.041854,LOW
14,8,22.0108,80.2114,0.183647,0.081264,0.344523,0.201319,0.304604,0.11908,0.152081,0.304561,0.462591,0.164098,0.095838,0.401031,0.366752,0.661012,1.093465,0.710933,-0.331555,8.666573,LOW
15,8,22.0108,80.2115,0.112388,0.187521,0.220684,0.247225,0.086302,0.14604,0.388164,0.133457,0.129151,0.126789,0.182372,0.278604,0.271401,1.852467,1.026541,0.850736,-0.059675,15.231117,LOW
16,8,22.0108,80.2116,0.210232,0.162263,0.209574,0.112301,0.060011,0.252441,0.127066,0.144222,0.201106,0.176699,0.166528,0.352019,0.326765,0.778667,1.077285,0.474193,-0.516278,7.824296,LOW
17,8,22.0108,80.2117,0.127031,0.162146,0.024934,0.140787,0.083178,0.351968,0.248913,0.331485,0.071236,0.250791,0.155763,0.348693,0.071837,0.424716,4.853951,0.394078,-0.424748,23.920606,LOW
18,8,22.0108,80.2118,0.240958,0.024018,0.176305,0.216799,0.281712,0.294167,0.26616,0.291356,0.174767,0.195174,0.127563,0.188734,0.127656,0.744105,1.47846,1.24247,0.069206,13.779463,LOW
19,8,22.0108,80.2119,0.235441,0.09204,0.112832,0.232335,0.038158,0.104496,0.204891,0.48637,0.050634,0.206394,0.014089,0.460322,0.246414,0.477691,1.868086,0.488395,-0.32915,10.752542,LOW
20,8,22.0108,80.212,0.227061,0.095415,0.040411,0.067635,0.242404,0.411513,0.293775,0.369701,0.285947,0.286465,0.035239,0.255665,0.163835,0.182946,1.560501,0.257561,-0.581594,6.41438,LOW
21,8,22.0108,80.2121,0.228921,0.044653,0.224662,0.171412,0.270076,0.210175,0.033729,0.187805,0.241112,0.18475,0.191202,0.251987,0.337821,0.912712,0.745918,0.671532,-0.190304,8.535441,LOW
22,8,22.0108,80.2122,0.053821,0.12604,0.034946,0.193061,0.240514,0.081092,0.103758,0.452365,0.30824,0.105744,0.175609,0.478957,0.377369,0.426782,1.269201,0.266262,-0.425429,6.707405,LOW
23,8,22.0108,80.2123,0.169117,0.145656,0.2279,0.153905,0.132373,0.339013,0.33048,0.21105,0.390363,0.023627,0.043674,0.448658,0.056356,0.729238,7.961122,0.756029,-0.489165,40.860248,MEDIUM
24,8,22.0108,80.2124,0.190456,0.212079,0.337815,0.259121,0.08537,0.348355,0.098363,0.27217,0.110209,0.096013,0.151326,0.239261,0.285833,0.952057,0.837067,1.136819,0.039849,11.323263,LOW
25,8,22.0108,80.2125,0.141615,0.165502,0.157551,0.224367,0.168696,0.039482,0.220967,0.129831,0.457596,0.176162,0.130718,0.176702,0.394243,1.728141,0.448206,0.668923,0.118845,11.923682,LOW
26,8,22.0108,80.2126,0.141721,0.147056,0.236346,0.196948,0.392731,0.362637,0.283278,0.22811,0.149053,0.267258,0.098635,0.27363,0.32217,0.863394,0.849336,0.727248,-0.162952,9.049148,LOW
27,8,22.0108,80.2127,0.066329,0.060938,0.023091,0.205197,0.118333,0.212308,0.405197,0.06873,0.290504,0.044396,0.013235,0.138063,0.145501,2.985557,0.948877,0.805067,0.195579,20.839183,LOW
28,8,22.0108,80.2128,0.056981,0.086092,0.137371,0.31851,0.251223,0.155365,0.296502,0.53132,0.481192,0.061922,0.046043,0.469722,0.117042,0.599469,4.013284,0.77694,-0.191837,22.722184,LOW
29,8,22.0108,80.2129,0.200121,0.109681,0.056427,0.101641,0.079878,0.300219,0.206981,0.196245,0.158911,0.132005,0.1927,0.458975,0.338156,0.517929,1.357289,0.198297,-0.637395,6.672748,LOW
30,8,22.0108,80.213,0.054409,0.061579,0.103805,0.293309,0.058657,0.235893,0.41939,0.228882,0.431193,0.105126,0.156252,0.347178,0.222938,1.281488,1.557287,0.696551,-0.084106,14.483576,LOW
31,8,22.0108,80.2131,0.187485,0.092014,0.028191,0.170204,0.196164,0.321318,0.161492,0.304169,0.484637,0.119197,0.024465,0.246902,0.421088,0.559569,0.586342,0.297003,-0.183882,4.978048,LOW
32,8,22.0108,80.2132,0.037726,0.133175,0.182269,0.128919,0.253657,0.436264,0.418876,0.144732,0.396993,0.142607,0.071652,0.414096,0.422364,0.890745,0.980424,0.37203,-0.525172,7.548282,LOW
33,8,22.0108,80.2133,0.114818,0.084575,0.276508,0.265629,0.128098,0.097725,0.131891,0.280131,0.466587,0.208267,0.077072,0.244669,0.138909,0.94823,1.761356,1.413368,0.041074,16.511344,LOW
34,8,22.0108,80.2134,0.025523,0.091447,0.261454,0.300876,0.369465,0.134251,0.216412,0.548376,0.49121,0.077346,0.14173,0.406773,0.106409,0.548667,3.822749,1.095772,-0.149647,22.719111,LOW
35,8,22.0108,80.2135,0.171886,0.23943,0.344711,0.216808,0.369473,0.340616,0.262825,0.323276,0.127541,0.226089,0.112049,0.403121,0.072953,0.670658,5.52578,1.179479,-0.30054,31.072591,MEDIUM
36,8,22.0108,80.2136,0.087371,0.121559,0.317521,0.326276,0.053656,0.333364,0.353948,0.269393,0.420208,0.171052,0.161138,0.101402,0.133744,1.211155,0.758178,2.737871,0.525804,18.697525,LOW
37,8,22.0108,80.2137,0.127571,0.127073,0.253277,0.102081,0.329278,0.074354,0.321175,0.075977,0.05836,0.036754,0.168633,0.120699,0.446136,1.343589,0.270542,0.626918,-0.083568,8.520968,LOW
38,8,22.0108,80.2138,0.085883,0.238992,0.270875,0.041658,0.077422,0.154462,0.074427,0.12546,0.145503,0.269521,0.181209,0.435402,0.381333,0.332044,1.141788,0.382662,-0.825355,4.778054,LOW
39,8,22.0108,80.2139,0.138628,0.235107,0.212288,0.211579,0.161455,0.27103,0.062433,0.068581,0.071037,0.125945,0.040345,0.079293,0.241083,3.085094,0.328903,1.323029,0.454791,20.828295,LOW
0,9,22.0109,80.21,0.171259,0.220588,0.025855,0.171264,0.296192,0.411403,0.304078,0.180109,0.404967,0.229716,0.199929,0.09249,0.023055,0.950889,4.011761,1.705988,0.298662,28.804708,LOW
1,9,22.0109,80.2101,0.05839,0.182758,0.272488,0.043307,0.170694,0.358928,0.026155,0.239051,0.141198,0.206691,0.194142,0.235951,0.408753,0.18116,0.577246,0.489829,-0.689845,2.180173,LOW
2,9,22.0109,80.2102,0.198721,0.037718,0.222665,0.296761,0.302007,0.437296,0.073394,0.397603,0.21047,0.097754,0.06593,0.236437,0.303207,0.746374,0.779786,0.962534,0.113136,9.773403,LOW
3,9,22.0109,80.2103,0.199979,0.260806,0.327979,0.308649,0.247988,0.216998,0.164406,0.488207,0.032979,0.21342,0.10079,0.050591,0.353117,0.63221,0.143269,1.576954,0.718346,10.066227,LOW
4,9,22.0109,80.2104,0.236698,0.195542,0.081502,0.181462,0.356517,0.364304,0.369214,0.27327,0.331828,0.038583,0.07034,0.381471,0.321223,0.664042,1.187555,0.374224,-0.355296,7.994722,LOW
5,9,22.0109,80.2105,0.10756,0.283294,0.327528,0.125354,0.062871,0.408954,0.13939,0.276919,0.310449,0.080525,0.102847,0.085899,0.052342,0.452674,1.641094,3.276032,0.186768,19.904335,LOW
6,9,22.0109,80.2106,0.22082,0.070706,0.073667,0.043111,0.370039,0.20705,0.188368,0.118176,0.359932,0.272885,0.07672,0.281093,0.312294,0.364799,0.900092,0.196798,-0.734053,3.501819,LOW
7,9,22.0109,80.2107,0.041548,0.052748,0.04122,0.305203,0.332648,0.418693,0.289316,0.519911,0.368872,0.048072,0.136712,0.145816,0.167374,0.58703,0.871197,1.106113,0.353394,10.655365,LOW
8,9,22.0109,80.2108,0.248598,0.272596,0.228835,0.333163,0.27707,0.183118,0.396413,0.216868,0.060319,0.218383,0.017426,0.377094,0.455031,1.536247,0.828722,0.675377,-0.061852,12.26369,LOW
9,9,22.0109,80.2109,0.068808,0.10829,0.126976,0.244864,0.307978,0.212465,0.380377,0.150901,0.279875,0.258842,0.091833,0.227444,0.444578,1.622683,0.511594,0.553314,0.036883,11.108223,LOW
10,9,22.0109,80.211,0.105985,0.288738,0.195775,0.151865,0.265193,0.133935,0.293745,0.10624,0.399691,0.147116,0.110202,0.268973,0.271435,1.429459,0.990928,0.643293,-0.278271,11.746356,LOW
11,9,22.0109,80.2111,0.041506,0.231756,0.144492,0.081083,0.022419,0.054088,0.376486,0.394203,0.398507,0.034077,0.115905,0.49779,0.115588,0.205689,4.306605,0.36776,-0.719858,19.319006,LOW
12,9,22.0109,80.2112,0.212083,0.082989,0.079565,0.151212,0.093657,0.266681,0.096401,0.304319,0.362812,0.259963,0.049752,0.369161,0.070093,0.496887,5.266691,0.525385,-0.418831,26.625254,LOW
13,9,22.0109,80.2113,0.131765,0.195444,0.302784,0.06859,0.203951,0.37117,0.1429,0.160866,0.480538,0.221982,0.176495,0.279473,0.394828,0.426381,0.707837,0.550755,-0.605874,4.396885,LOW
14,9,22.0109,80.2114,0.241352,0.115577,0.284813,0.328367,0.101558,0.3844,0.256035,0.330212,0.333468,0.174241,0.012142,0.208185,0.341687,0.994413,0.609284,1.115132,0.22399,10.961369,LOW
15,9,22.0109,80.2115,0.053262,0.249708,0.114482,0.042426,0.148547,0.398489,0.083867,0.151719,0.409347,0.066723,0.171909,0.389317,0.480017,0.279635,0.811049,0.180492,-0.803467,2.416222,LOW
16,9,22.0109,80.2116,0.225119,0.200117,0.130218,0.030011,0.062177,0.057911,0.23428,0.486972,0.243131,0.228398,0.012136,0.408385,0.36598,0.061628,1.115868,0.206917,-0.863087,2.719731,LOW
17,9,22.0109,80.2117,0.102696,0.224225,0.272687,0.027379,0.227495,0.377653,0.434093,0.097644,0.275906,0.23508,0.190304,0.286959,0.383788,0.280399,0.7477,0.447361,-0.825798,2.887523,LOW
18,9,22.0109,80.2118,0.074347,0.100159,0.17044,0.206798,0.181454,0.335666,0.225509,0.266323,0.045465,0.084732,0.192397,0.394316,0.023017,0.776493,17.131628,0.903926,-0.31195,85.130312,HIGH
19,9,22.0109,80.2119,0.171138,0.026157,0.251135,0.17924,0.293022,0.405044,0.050737,0.456107,0.250478,0.044782,0.12299,0.262673,0.163249,0.392978,1.609038,1.010455,-0.1888,11.211662,LOW
20,9,22.0109,80.212,0.026943,0.135681,0.322669,0.138523,0.086162,0.06857,0.332819,0.133864,0.085068,0.240409,0.186156,0.099881,0.370878,1.034803,0.269309,0.979677,0.162085,8.938223,LOW
21,9,22.0109,80.2121,0.140858,0.220738,0.29619,0.12346,0.079402,0.200628,0.228011,0.471049,0.265456,0.272382,0.02673,0.288331,0.491196,0.262096,0.586999,0.538339,-0.400376,3.662992,LOW
22,9,22.0109,80.2122,0.128929,0.275473,0.21721,0.090767,0.064213,0.126117,0.25412,0.471213,0.13279,0.161322,0.157694,0.26123,0.478412,0.192624,0.546034,0.416387,-0.484274,2.500835,LOW
23,9,22.0109,80.2123,0.031156,0.106241,0.280036,0.185175,0.361925,0.065955,0.330838,0.208554,0.033956,0.059996,0.104278,0.449651,0.069629,0.887901,6.457769,0.895878,-0.416611,35.214928,MEDIUM
24,9,22.0109,80.2124,0.119862,0.148502,0.081197,0.03717,0.287037,0.297007,0.094505,0.245155,0.280989,0.200419,0.077418,0.147307,0.495154,0.151617,0.297498,0.184239,-0.597027,0.063264,LOW
25,9,22.0109,80.2125,0.090131,0.26685,0.298189,0.32573,0.352999,0.301323,0.091031,0.151997,0.308498,0.153097,0.098907,0.461481,0.24632,2.143006,1.873497,0.881489,-0.172445,20.312088,LOW
26,9,22.0109,80.2126,0.077189,0.090299,0.102132,0.314035,0.086375,0.379223,0.31269,0.173784,0.499887,0.162317,0.05875,0.438943,0.282639,1.807041,1.553015,0.576741,-0.165886,16.298996,LOW
27,9,22.0109,80.2127,0.233968,0.210719,0.15958,0.140355,0.132403,0.441025,0.170796,0.271491,0.482627,0.134549,0.134048,0.291315,0.422115,0.516978,0.690131,0.420413,-0.349711,5.132518,LOW
28,9,22.0109,80.2128,0.157608,0.267341,0.220938,0.267162,0.303492,0.150839,0.272039,0.259205,0.305711,0.03701,0.137352,0.15028,0.109246,1.030697,1.375609,1.880733,0.279996,17.297677,LOW
29,9,22.0109,80.2129,0.055456,0.196504,0.127102,0.121222,0.126127,0.068742,0.413314,0.109947,0.336839,0.127296,0.037715,0.135731,0.109012,1.102543,1.245105,1.01463,-0.056467,13.26052,LOW
30,9,22.0109,80.213,0.19414,0.052384,0.292849,0.077595,0.148357,0.237721,0.07379,0.462213,0.416081,0.106688,0.126013,0.431617,0.385109,0.167878,1.120766,0.453573,-0.695234,4.537959,LOW
31,9,22.0109,80.2131,0.105,0.20264,0.216135,0.050064,0.177432,0.438596,0.355187,0.395033,0.343288,0.237402,0.164293,0.162933,0.491334,0.126734,0.331614,0.406867,-0.529907,1.012991,LOW
32,9,22.0109,80.2132,0.157736,0.031647,0.333406,0.193152,0.200756,0.431475,0.319677,0.15204,0.031755,0.279945,0.125026,0.441123,0.462743,1.270402,0.953278,0.582562,-0.390951,10.280861,LOW
33,9,22.0109,80.2133,0.107385,0.098891,0.112058,0.044041,0.073065,0.143256,0.358551,0.410505,0.256776,0.12304,0.017161,0.212284,0.368679,0.107285,0.575795,0.268691,-0.656365,1.239676,LOW
34,9,22.0109,80.2134,0.166866,0.267619,0.251132,0.293947,0.377242,0.135005,0.10243,0.075994,0.356155,0.219686,0.098432,0.290778,0.32477,3.868038,0.895336,0.885518,0.005419,24.385675,LOW
35,9,22.0109,80.2135,0.176846,0.219998,0.070837,0.278506,0.250353,0.236987,0.113158,0.079016,0.257888,0.088956,0.145544,0.28314,0.199078,3.524697,1.422261,0.724449,-0.008252,24.700487,LOW
36,9,22.0109,80.2136,0.085213,0.080231,0.076612,0.334017,0.361635,0.385304,0.188651,0.380274,0.304296,0.05507,0.040631,0.395408,0.149085,0.878359,2.652227,0.75415,-0.084163,17.909807,LOW
37,9,22.0109,80.2137,0.211143,0.213671,0.190154,0.331414,0.249085,0.362721,0.428195,0.416993,0.493988,0.030535,0.096149,0.374011,0.078905,0.794773,4.74002,1.151578,-0.060385,28.631898,LOW
38,9,22.0109,80.2138,0.16217,0.180607,0.317296,0.155923,0.073996,0.143946,0.048485,0.21464,0.192421,0.16635,0.191285,0.342376,0.237044,0.726442,1.444356,0.816711,-0.374178,10.817666,LOW
39,9,22.0109,80.2139,0.159212,0.246526,0.175862,0.286526,0.392756,0.197197,0.094992,0.327161,0.081927,0.25979,0.093917,0.135571,0.15871,0.875797,0.854208,1.571251,0.357632,13.398959,LOW
0,10,22.011,80.21,0.070141,0.208191,0.20412,0.231353,0.304126,0.14252,0.020079,0.451974,0.193696,0.105108,0.161419,0.165209,0.453579,0.511873,0.364233,0.703752,0.166795,6.081435,LOW
1,10,22.011,80.2101,0.078411,0.251134,0.333757,0.086614,0.344908,0.445271,0.157004,0.340259,0.088023,0.24088,0.16536,0.063061,0.367469,0.254554,0.17161,0.976404,0.157359,4.793554,LOW
2,10,22.011,80.2102,0.110937,0.224298,0.087184,0.192095,0.278789,0.022997,0.114756,0.540904,0.10282,0.216178,0.074359,0.490453,0.187295,0.355136,2.618613,0.412069,-0.437125,13.122668,LOW
3,10,22.011,80.2103,0.027791,0.043148,0.297649,0.106133,0.028384,0.174731,0.298715,0.04705,0.391071,0.194197,0.15034,0.38878,0.168867,2.255764,2.302292,0.724081,-0.571105,21.11373,LOW
4,10,22.011,80.2104,0.032588,0.152698,0.2723,0.066695,0.383113,0.429055,0.232596,0.417316,0.358606,0.189294,0.036405,0.374951,0.217784,0.159818,1.721661,0.571916,-0.697973,7.681396,LOW
5,10,22.011,80.2105,0.172417,0.037137,0.239988,0.270503,0.041333,0.299909,0.190885,0.24798,0.191822,0.086852,0.061902,0.298482,0.107794,1.090826,2.769,1.256514,-0.049173,21.135693,LOW
6,10,22.011,80.2106,0.09279,0.100029,0.14521,0.228232,0.041839,0.080955,0.108218,0.250002,0.373652,0.266959,0.132158,0.480512,0.471665,0.912922,1.018758,0.392198,-0.355954,8.424673,LOW
7,10,22.011,80.2107,0.185656,0.098657,0.305796,0.134466,0.156933,0.033965,0.111217,0.396602,0.4957,0.193473,0.039891,0.038002,0.156263,0.339045,0.24319,2.2663,0.559319,10.818426,LOW
8,10,22.011,80.2108,0.03721,0.151086,0.340019,0.221242,0.149809,0.415312,0.219605,0.541118,0.481259,0.299633,0.194034,0.220792,0.429079,0.408861,0.514572,0.863651,0.001018,6.285124,LOW
9,10,22.011,80.2109,0.19023,0.112192,0.147164,0.091762,0.221075,0.302177,0.108768,0.16693,0.291795,0.201312,0.189444,0.484147,0.384857,0.549702,1.257992,0.274943,-0.681332,6.458223,LOW
10,10,22.011,80.211,0.069261,0.085039,0.157631,0.195673,0.252401,0.430536,0.130989,0.066551,0.242165,0.062502,0.051401,0.353954,0.436522,2.940182,0.810852,0.44695,-0.28798,17.345645,LOW
11,10,22.011,80.2111,0.219997,0.260797,0.262909,0.13452,0.332667,0.390179,0.259048,0.465853,0.300181,0.199783,0.108973,0.132505,0.167008,0.288761,0.793401,1.326916,0.007548,8.499568,LOW
12,10,22.011,80.2112,0.228502,0.035195,0.193083,0.050002,0.393637,0.087834,0.275519,0.158984,0.286697,0.066971,0.118328,0.178634,0.24264,0.314507,0.736212,0.577021,-0.56261,4.222592,LOW
13,10,22.011,80.2113,0.178542,0.149617,0.088185,0.299767,0.318671,0.174475,0.338858,0.217121,0.156359,0.140629,0.161183,0.369746,0.366772,1.380646,1.008111,0.526739,-0.104522,11.776853,LOW
14,10,22.011,80.2114,0.110686,0.200343,0.313709,0.330162,0.369082,0.282517,0.26615,0.161426,0.393898,0.143146,0.058224,0.259674,0.41333,2.04528,0.628248,0.956712,0.119505,15.15897,LOW
15,10,22.011,80.2115,0.025899,0.073328,0.242961,0.143361,0.382022,0.149815,0.30427,0.047152,0.404639,0.069391,0.19052,0.464758,0.299271,3.040371,1.552968,0.505638,-0.52851,20.729195,LOW
16,10,22.011,80.2116,0.195056,0.148092,0.165549,0.112509,0.259402,0.182989,0.338894,0.08464,0.305668,0.255197,0.033421,0.123817,0.122462,1.329272,1.011061,1.129038,-0.047848,13.611055,LOW
17,10,22.011,80.2117,0.149448,0.115752,0.155969,0.049046,0.130934,0.43109,0.063501,0.069642,0.297812,0.057889,0.160378,0.139817,0.358675,0.704256,0.389816,0.411271,-0.480619,4.164001,LOW
18,10,22.011,80.2118,0.038927,0.261465,0.228048,0.181866,0.08107,0.317478,0.052215,0.036794,0.433093,0.230444,0.060559,0.435138,0.490851,4.942779,0.886499,0.442677,-0.410487,26.700909,LOW
19,10,22.011,80.2119,0.15127,0.03415,0.121994,0.267115,0.049199,0.412363,0.274534,0.116562,0.087823,0.166065,0.178562,0.078274,0.168574,2.291625,0.464326,1.576313,0.546751,18.820516,LOW
20,10,22.011,80.212,0.021416,0.037015,0.22437,0.106871,0.266761,0.154393,0.040014,0.377035,0.106033,0.219805,0.042547,0.202733,0.050985,0.283452,3.976335,1.305545,-0.309628,22.351064,LOW
21,10,22.011,80.2121,0.123817,0.151729,0.058558,0.340846,0.37064,0.403996,0.041846,0.277403,0.251192,0.155172,0.099038,0.087662,0.246682,1.228702,0.355364,1.194588,0.59085,12.265436,LOW
22,10,22.011,80.2122,0.161049,0.218209,0.149166,0.226807,0.28873,0.154684,0.09206,0.045773,0.344351,0.061434,0.03596,0.445743,0.401285,4.955047,1.110789,0.443873,-0.325531,28.080433,LOW
23,10,22.011,80.2123,0.204611,0.264518,0.286551,0.326744,0.240338,0.298543,0.330791,0.476094,0.469241,0.192615,0.140424,0.126019,0.41098,0.686302,0.306629,1.142079,0.443335,8.865899,LOW
24,10,22.011,80.2124,0.086839,0.162006,0.065821,0.324004,0.359941,0.321381,0.155982,0.529567,0.353747,0.185745,0.086561,0.262198,0.496381,0.611828,0.52822,0.513889,0.105435,6.534059,LOW
25,10,22.011,80.2125,0.07337,0.290137,0.251196,0.237918,0.27485,0.114031,0.020327,0.495685,0.217322,0.12576,0.175435,0.152985,0.216027,0.479978,0.708178,1.325468,0.217273,9.648474,LOW
26,10,22.011,80.2126,0.096152,0.207835,0.255613,0.095697,0.201983,0.255636,0.258313,0.17204,0.081115,0.085273,0.193189,0.186238,0.488143,0.556248,0.381522,0.520938,-0.32114,4.272525,LOW
27,10,22.011,80.2127,0.033615,0.286761,0.264574,0.232451,0.333623,0.427933,0.128549,0.177332,0.139002,0.088172,0.172309,0.264403,0.425011,1.310821,0.622109,0.720938,-0.064309,10.371247,LOW
28,10,22.011,80.2128,0.234245,0.25944,0.03072,0.131402,0.314317,0.348027,0.137625,0.353441,0.17975,0.039165,0.064215,0.038738,0.440985,0.37178,0.087845,0.337949,0.544633,4.16481,LOW
29,10,22.011,80.2129,0.222546,0.270715,0.29272,0.186914,0.372583,0.12558,0.306976,0.419683,0.48493,0.134212,0.158418,0.262239,0.243049,0.44537,1.078954,0.949228,-0.167704,8.84462,LOW
30,10,22.011,80.213,0.158491,0.028597,0.1058,0.149283,0.327305,0.095295,0.222255,0.362988,0.4649,0.270872,0.10567,0.032146,0.181606,0.411262,0.177011,1.193365,0.645635,7.760372,LOW
31,10,22.011,80.2131,0.037155,0.2665,0.077265,0.025225,0.143215,0.026232,0.037458,0.207937,0.346099,0.192076,0.084446,0.135134,0.282121,0.121309,0.478993,0.245629,-0.685397,0.688292,LOW
32,10,22.011,80.2132,0.039234,0.204127,0.05428,0.150187,0.378768,0.392774,0.187008,0.509058,0.44363,0.034085,0.08215,0.476393,0.026352,0.29503,18.078343,0.406702,-0.520613,85.105259,HIGH
33,10,22.011,80.2133,0.234379,0.059961,0.216924,0.043171,0.210091,0.071508,0.180544,0.411674,0.477596,0.169614,0.076151,0.408059,0.326776,0.104867,1.248744,0.353951,-0.808652,4.176369,LOW
34,10,22.011,80.2134,0.04875,0.043417,0.25687,0.326337,0.031484,0.048112,0.361686,0.399754,0.403988,0.297038,0.048258,0.378321,0.103422,0.816344,3.658048,1.21062,-0.073772,23.798934,LOW
35,10,22.011,80.2135,0.053504,0.052987,0.230455,0.109603,0.290094,0.128245,0.068129,0.258215,0.29038,0.192842,0.068584,0.173668,0.126973,0.424464,1.36775,1.131111,-0.226161,10.487766,LOW
36,10,22.011,80.2136,0.200658,0.157013,0.324669,0.02932,0.190417,0.024228,0.265088,0.150038,0.451443,0.099856,0.161092,0.247245,0.205711,0.195418,1.201906,0.78151,-0.78797,5.783686,LOW
37,10,22.011,80.2137,0.089352,0.03897,0.147452,0.158588,0.209453,0.139278,0.030743,0.394226,0.280918,0.057974,0.012185,0.169879,0.252433,0.402276,0.672966,0.724678,-0.034374,6.452012,LOW
38,10,22.011,80.2138,0.114657,0.13672,0.054176,0.258651,0.319452,0.035065,0.406529,0.062291,0.043436,0.206732,0.171521,0.39305,0.365615,4.152294,1.075039,0.412339,-0.206228,24.420437,LOW
39,10,22.011,80.2139,0.114305,0.065455,0.116251,0.334462,0.237855,0.18334,0.110037,0.165765,0.263896,0.052927,0.174014,0.278797,0.281409,2.017695,0.990719,0.80455,0.090769,16.164485,LOW
0,11,22.0111,80.21,0.181015,0.03237,0.085185,0.1542,0.16115,0.355152,0.355918,0.03968,0.396803,0.053997,0.183506,0.065892,0.377555,3.886086,0.174524,0.539827,0.401229,21.244838,LOW
1,11,22.0111,80.2101,0.128636,0.050511,0.257898,0.140956,0.090721,0.359792,0.327377,0.084518,0.304354,0.104085,0.010546,0.071831,0.238182,1.66777,0.30158,1.286569,0.324854,13.528967,LOW
2,11,22.0111,80.2102,0.206807,0.044625,0.275295,0.047606,0.261751,0.288064,0.397989,0.482753,0.365234,0.099145,0.198129,0.35394,0.163899,0.098613,2.159501,0.623553,-0.762889,9.407156,LOW
3,11,22.0111,80.2103,0.134066,0.272161,0.178465,0.347459,0.247995,0.100106,0.181671,0.471783,0.447604,0.289965,0.100559,0.095886,0.329197,0.736481,0.291274,1.237228,0.567442,9.715188,LOW
4,11,22.0111,80.2104,0.086806,0.204483,0.10665,0.033461,0.027698,0.432068,0.205099,0.120477,0.067545,0.2062,0.172986,0.22452,0.108901,0.277739,2.061678,0.420224,-0.740592,9.222349,LOW
5,11,22.0111,80.2105,0.064753,0.19881,0.170474,0.032239,0.148513,0.262369,0.379057,0.157125,0.061231,0.122406,0.133534,0.456502,0.165834,0.205183,2.752772,0.32573,-0.868072,11.430366,LOW
6,11,22.0111,80.2106,0.193653,0.294415,0.240835,0.024919,0.317923,0.0509,0.16297,0.223718,0.297495,0.282493,0.046923,0.327084,0.356535,0.111387,0.917397,0.388746,-0.858415,2.605339,LOW
7,11,22.0111,80.2107,0.070487,0.176406,0.076093,0.245914,0.365759,0.307285,0.083429,0.04647,0.226672,0.255906,0.02278,0.246522,0.289817,5.291924,0.850613,0.600381,-0.001234,29.944413,LOW
8,11,22.0111,80.2108,0.160049,0.281312,0.192841,0.108361,0.278679,0.442631,0.28558,0.177951,0.209922,0.29258,0.118303,0.105194,0.081491,0.608939,1.290865,1.613429,0.014833,13.255309,LOW
9,11,22.0111,80.2109,0.158323,0.202892,0.098177,0.300032,0.318588,0.416994,0.142163,0.043189,0.150459,0.229584,0.013613,0.404086,0.364553,6.946945,1.108442,0.51807,-0.147779,38.20427,MEDIUM
10,11,22.0111,80.211,0.241547,0.14527,0.272911,0.268368,0.192393,0.161532,0.165297,0.179848,0.443949,0.048988,0.178044,0.075057,0.30667,1.49219,0.244748,1.417971,0.562891,13.594103,LOW
11,11,22.0111,80.2111,0.040613,0.215771,0.193501,0.282416,0.106378,0.078522,0.242558,0.139795,0.48043,0.172986,0.117713,0.163094,0.496715,2.020219,0.328345,0.721294,0.267833,13.361682,LOW
12,11,22.0111,80.2112,0.06773,0.140885,0.180533,0.074523,0.170218,0.418907,0.215679,0.489528,0.236236,0.13196,0.179029,0.226368,0.165042,0.152235,1.371577,0.651636,-0.50465,6.857238,LOW
13,11,22.0111,80.2113,0.172157,0.073886,0.190086,0.245309,0.153049,0.237817,0.33498,0.154734,0.260941,0.232502,0.155019,0.372307,0.086998,1.585365,4.279506,0.947944,-0.205625,29.089378,LOW
14,11,22.0111,80.2114,0.096107,0.035488,0.133495,0.339253,0.293099,0.401367,0.423297,0.185503,0.207089,0.024363,0.177749,0.045598,0.250942,1.828829,0.181708,1.59421,0.763035,16.055336,LOW
15,11,22.0111,80.2115,0.049574,0.278683,0.301938,0.296611,0.210689,0.345549,0.379468,0.304192,0.087985,0.224066,0.138175,0.060033,0.132405,0.975078,0.453403,3.110354,0.663346,17.755134,LOW
16,11,22.0111,80.2116,0.225935,0.122755,0.027302,0.087065,0.280917,0.324812,0.176781,0.332999,0.31036,0.269366,0.172994,0.445399,0.355917,0.261458,1.251412,0.142725,-0.672972,4.687344,LOW
17,11,22.0111,80.2117,0.18824,0.254558,0.10833,0.039247,0.310736,0.414068,0.323856,0.295416,0.224817,0.275851,0.042782,0.27697,0.468319,0.132852,0.591413,0.198013,-0.751774,0.913368,LOW
18,11,22.0111,80.2118,0.071187,0.141524,0.123236,0.185212,0.181583,0.411283,0.128713,0.245629,0.440967,0.116282,0.110447,0.377558,0.250124,0.75403,1.509483,0.491408,-0.341785,10.336422,LOW
19,11,22.0111,80.2119,0.041898,0.038787,0.079997,0.090817,0.062155,0.447664,0.238652,0.164933,0.069687,0.082659,0.040907,0.252854,0.067426,0.550633,3.750068,0.533327,-0.471486,19.621038,LOW
20,11,22.0111,80.212,0.213755,0.175787,0.246701,0.026172,0.337676,0.1309,0.096082,0.132672,0.339028,0.244404,0.020396,0.146369,0.39571,0.197266,0.369889,0.503381,-0.696632,1.303913,LOW
21,11,22.0111,80.2121,0.151091,0.044772,0.028497,0.076548,0.348402,0.372853,0.407296,0.343376,0.060059,0.237964,0.023186,0.087185,0.324542,0.222929,0.26864,0.255134,-0.064962,2.148679,LOW
22,11,22.0111,80.2122,0.233803,0.223281,0.221465,0.14437,0.13268,0.035539,0.145288,0.419961,0.316571,0.151639,0.080945,0.067473,0.159221,0.34377,0.423767,1.613781,0.362992,9.032534,LOW
23,11,22.0111,80.2123,0.138952,0.129702,0.264593,0.240522,0.178276,0.408625,0.16572,0.15932,0.341553,0.229542,0.140064,0.116853,0.322767,1.509683,0.362035,1.148981,0.34605,12.706738,LOW
24,11,22.0111,80.2124,0.073102,0.243863,0.111077,0.074282,0.24296,0.302772,0.406681,0.529546,0.158174,0.218157,0.08672,0.22919,0.410916,0.140276,0.557753,0.289577,-0.510449,1.831617,LOW
25,11,22.0111,80.2125,0.050719,0.048999,0.110657,0.091819,0.041813,0.290023,0.263504,0.545635,0.102879,0.035273,0.07331,0.216051,0.307457,0.168279,0.702701,0.386769,-0.40352,3.281707,LOW
26,11,22.0111,80.2126,0.11612,0.027404,0.170465,0.081605,0.142304,0.064913,0.345405,0.062199,0.17667,0.270479,0.181523,0.147438,0.089598,1.312002,1.645548,1.063427,-0.287423,15.552569,LOW
27,11,22.0111,80.2127,0.177324,0.054442,0.131754,0.282742,0.347161,0.175809,0.391107,0.246535,0.197748,0.111882,0.141547,0.490488,0.281176,1.146862,1.744414,0.537146,-0.268673,13.653903,LOW
28,11,22.0111,80.2128,0.020989,0.283757,0.108977,0.088385,0.187398,0.091445,0.047141,0.536701,0.430949,0.026815,0.030429,0.396403,0.04822,0.164683,8.220669,0.443886,-0.635365,37.995238,MEDIUM
29,11,22.0111,80.2129,0.110931,0.096855,0.233473,0.058184,0.294182,0.41973,0.267537,0.247809,0.138855,0.220077,0.090477,0.346081,0.202864,0.234793,1.705981,0.531305,-0.712151,7.788232,LOW
30,11,22.0111,80.213,0.112881,0.184877,0.110518,0.298514,0.104395,0.295042,0.420474,0.447439,0.261433,0.263018,0.125954,0.089616,0.28904,0.667162,0.310046,1.08022,0.538218,8.895424,LOW
31,11,22.0111,80.2131,0.174333,0.129266,0.249305,0.252539,0.397227,0.050296,0.022949,0.143486,0.478624,0.225957,0.155913,0.462252,0.125754,1.760034,3.675841,0.853468,-0.29339,26.506284,LOW
32,11,22.0111,80.2132,0.064841,0.080533,0.141451,0.065541,0.343717,0.188225,0.237507,0.17701,0.337817,0.295951,0.081376,0.310454,0.341959,0.370268,0.90787,0.317272,-0.651372,4.199491,LOW
33,11,22.0111,80.2133,0.221496,0.064537,0.298105,0.117286,0.247935,0.050043,0.107355,0.409376,0.397269,0.229884,0.121716,0.275495,0.322268,0.286498,0.854863,0.694909,-0.402793,5.516642,LOW
34,11,22.0111,80.2134,0.09477,0.186296,0.332645,0.331618,0.372027,0.326499,0.223445,0.208109,0.032635,0.130345,0.123553,0.423693,0.32511,1.593482,1.303231,0.887101,-0.121902,15.233294,LOW
35,11,22.0111,80.2135,0.210166,0.149922,0.263606,0.086445,0.370324,0.321557,0.167217,0.233141,0.224377,0.166693,0.165126,0.314898,0.135959,0.370784,2.316123,0.776412,-0.569221,12.503232,LOW
36,11,22.0111,80.2136,0.210353,0.288624,0.135771,0.286272,0.262322,0.030445,0.115415,0.148364,0.053147,0.033943,0.039328,0.064893,0.167131,1.929528,0.388278,1.818957,0.630411,17.785343,LOW
37,11,22.0111,80.2137,0.223522,0.252254,0.21872,0.182942,0.315465,0.188454,0.157441,0.038062,0.354686,0.249943,0.049142,0.352783,0.34705,4.806394,1.016518,0.573939,-0.317031,27.374013,LOW
38,11,22.0111,80.2138,0.079531,0.249557,0.27667,0.277207,0.352016,0.049742,0.240952,0.39447,0.488175,0.135823,0.016214,0.223316,0.445945,0.702733,0.50077,0.827594,0.107669,7.820146,LOW
39,11,22.0111,80.2139,0.213169,0.038519,0.139387,0.123933,0.319961,0.306986,0.148604,0.289043,0.054903,0.13979,0.114898,0.171556,0.03487,0.42877,4.919844,1.275609,-0.161169,27.831001,LOW
0,12,22.0112,80.21,0.073017,0.146438,0.200002,0.151339,0.306267,0.186377,0.12059,0.125144,0.341976,0.200632,0.057959,0.402387,0.445653,1.209317,0.902916,0.414298,-0.45338,9.036253,LOW
1,12,22.0112,80.2101,0.111872,0.020923,0.061168,0.061315,0.215955,0.12342,0.073991,0.511479,0.319254,0.124431,0.128185,0.334574,0.185491,0.119878,1.803724,0.235516,-0.690241,6.850899,LOW
2,12,22.0112,80.2102,0.060867,0.257667,0.18052,0.247241,0.2576,0.081087,0.0938,0.045023,0.112679,0.186924,0.181859,0.440917,0.328981,5.491406,1.340249,0.555608,-0.28144,32.161385,MEDIUM
3,12,22.0112,80.2103,0.13135,0.091702,0.15585,0.336801,0.194123,0.361255,0.320783,0.422521,0.464072,0.263375,0.056604,0.034857,0.093619,0.797124,0.37233,3.834576,0.812424,19.271575,LOW
4,12,22.0112,80.2104,0.037295,0.140011,0.111422,0.138619,0.17547,0.449185,0.415017,0.245517,0.468101,0.102328,0.192102,0.199605,0.09165,0.5646,2.177898,0.858493,-0.180314,14.237443,LOW
5,12,22.0112,80.2105,0.240074,0.086114,0.094983,0.145912,0.200617,0.118144,0.315345,0.511321,0.118037,0.188179,0.127301,0.095141,0.020399,0.285362,4.663891,2.084949,0.210622,29.651917,LOW
6,12,22.0112,80.2106,0.022989,0.044655,0.059456,0.264898,0.107833,0.396396,0.376795,0.452404,0.226176,0.08802,0.150994,0.151962,0.057546,0.585533,2.64071,1.548173,0.270921,20.0764,LOW
7,12,22.0112,80.2107,0.134217,0.28841,0.049333,0.240967,0.033026,0.242489,0.091069,0.085317,0.310476,0.191513,0.060443,0.356965,0.474914,2.824374,0.751642,0.348968,-0.194,16.511882,LOW
8,12,22.0112,80.2108,0.212762,0.178629,0.027174,0.274092,0.225238,0.30417,0.315059,0.534971,0.451631,0.277096,0.158723,0.083288,0.180193,0.51235,0.462214,1.14341,0.533899,9.067183,LOW
9,12,22.0112,80.2109,0.050478,0.148662,0.057203,0.071762,0.249562,0.369888,0.438699,0.183205,0.31318,0.130228,0.011227,0.264335,0.227774,0.391702,1.160515,0.262066,-0.572969,5.558136,LOW
10,12,22.0112,80.211,0.157333,0.237332,0.341325,0.294003,0.326411,0.079959,0.429258,0.045365,0.05406,0.027008,0.180137,0.481148,0.424966,6.480871,1.132204,0.701158,-0.24143,36.408566,MEDIUM
11,12,22.0112,80.2111,0.142149,0.156977,0.077416,0.321202,0.29737,0.061694,0.024817,0.10404,0.0328,0.083196,0.1569,0.403826,0.321715,3.087278,1.255229,0.549407,-0.11396,20.985938,LOW
12,12,22.0112,80.2112,0.194233,0.257119,0.148179,0.244039,0.149361,0.135863,0.086379,0.263217,0.47157,0.170023,0.058547,0.137369,0.210828,0.927137,0.651566,1.126426,0.279675,11.053618,LOW
13,12,22.0112,80.2113,0.180677,0.24688,0.346932,0.031802,0.244117,0.366568,0.173612,0.386247,0.494363,0.120038,0.155626,0.482594,0.251917,0.082335,1.915688,0.515628,-0.876353,7.494166,LOW
14,12,22.0112,80.2114,0.209753,0.026434,0.152873,0.208149,0.099545,0.101984,0.051205,0.236906,0.403776,0.170248,0.199981,0.176992,0.347505,0.878613,0.509321,0.688321,0.080898,8.166145,LOW
15,12,22.0112,80.2115,0.202455,0.157011,0.305931,0.173874,0.095063,0.361377,0.439635,0.288596,0.311942,0.199144,0.151006,0.042867,0.341033,0.602482,0.125699,1.249818,0.604438,8.464599,LOW
16,12,22.0112,80.2116,0.154058,0.03015,0.107032,0.329984,0.209467,0.290329,0.046623,0.124164,0.194755,0.059253,0.018826,0.124067,0.082469,2.657653,1.504409,2.115929,0.45351,26.81486,LOW
17,12,22.0112,80.2117,0.100492,0.12835,0.335915,0.201504,0.350022,0.279966,0.225131,0.49907,0.037483,0.088992,0.100231,0.138985,0.462658,0.403759,0.300406,0.893252,0.183615,5.920048,LOW
18,12,22.0112,80.2118,0.044709,0.123579,0.166275,0.173899,0.22574,0.056723,0.437294,0.240978,0.221272,0.172661,0.198742,0.187808,0.40346,0.721639,0.465493,0.57533,-0.038453,6.497081,LOW
19,12,22.0112,80.2119,0.057678,0.243676,0.239134,0.176179,0.031305,0.323951,0.430162,0.176862,0.339966,0.060387,0.164608,0.220037,0.156988,0.996138,1.401622,1.101552,-0.110693,13.597949,LOW
20,12,22.0112,80.212,0.220378,0.084184,0.125838,0.110036,0.358107,0.272104,0.25305,0.352536,0.162943,0.22262,0.157438,0.400902,0.440288,0.312126,0.910545,0.280405,-0.569279,4.080699,LOW
21,12,22.0112,80.2121,0.081295,0.184587,0.088373,0.337986,0.154805,0.338679,0.157887,0.310992,0.301582,0.164496,0.036341,0.258876,0.036258,1.0868,7.139924,1.444631,0.132543,42.783668,MEDIUM
22,12,22.0112,80.2122,0.225627,0.150584,0.085317,0.237644,0.133539,0.166732,0.260335,0.191882,0.036921,0.20129,0.108014,0.040059,0.348562,1.238494,0.114926,0.831044,0.711499,10.423331,LOW
23,12,22.0112,80.2123,0.0904,0.251365,0.098218,0.253402,0.321877,0.297294,0.117139,0.1363,0.052474,0.0644,0.030961,0.219509,0.197617,1.859145,1.110781,0.842958,0.071669,16.044281,LOW
24,12,22.0112,80.2124,0.033169,0.247438,0.201126,0.226722,0.303503,0.026434,0.057092,0.313622,0.058476,0.282136,0.166257,0.264604,0.190272,0.722915,1.390663,0.940579,-0.077103,11.865984,LOW
25,12,22.0112,80.2125,0.086699,0.038553,0.205919,0.075914,0.060162,0.225735,0.317465,0.323694,0.340401,0.293467,0.094664,0.137096,0.413702,0.234524,0.331387,0.511682,-0.287224,2.604771,LOW
26,12,22.0112,80.2126,0.10847,0.243375,0.250407,0.246811,0.249161,0.156483,0.08054,0.514199,0.281221,0.203372,0.175386,0.21981,0.286649,0.479991,0.766825,0.981752,0.057865,8.349834,LOW
27,12,22.0112,80.2127,0.043846,0.061827,0.151928,0.087589,0.277084,0.426112,0.111522,0.13966,0.104942,0.123123,0.065443,0.113462,0.054857,0.62716,2.068318,1.422997,-0.128686,15.944219,LOW
28,12,22.0112,80.2128,0.118845,0.204619,0.064703,0.065412,0.367269,0.36018,0.42498,0.216233,0.426246,0.220583,0.049309,0.309318,0.481727,0.302507,0.642103,0.164485,-0.650884,2.15803,LOW
29,12,22.0112,80.2129,0.203527,0.038631,0.224864,0.166325,0.231141,0.445525,0.032971,0.332798,0.362725,0.112436,0.168185,0.120407,0.352401,0.499778,0.341676,0.827372,0.160142,6.284742,LOW
30,12,22.0112,80.213,0.115179,0.042553,0.056706,0.188904,0.145766,0.200997,0.343214,0.316153,0.122931,0.204144,0.023032,0.160679,0.297672,0.59751,0.539785,0.535856,0.08074,6.51261,LOW
31,12,22.0112,80.2131,0.133559,0.282431,0.331537,0.198957,0.157416,0.142632,0.119918,0.226435,0.152772,0.138338,0.064016,0.113374,0.170543,0.878649,0.664782,1.868486,0.274015,13.191745,LOW
32,12,22.0112,80.2132,0.249718,0.260854,0.270846,0.329387,0.140422,0.284254,0.274875,0.501079,0.419701,0.199386,0.104776,0.416453,0.424758,0.657356,0.980449,0.713534,-0.116736,8.799251,LOW
33,12,22.0112,80.2133,0.069523,0.147756,0.20912,0.135269,0.053091,0.293715,0.124384,0.058039,0.104509,0.273136,0.010591,0.078045,0.363956,2.330638,0.214435,0.779158,0.268261,14.466125,LOW
34,12,22.0112,80.2134,0.1451,0.078372,0.056457,0.258789,0.132287,0.140525,0.230601,0.201411,0.046028,0.09188,0.147325,0.460056,0.361929,1.284879,1.271121,0.383517,-0.279987,11.564688,LOW
35,12,22.0112,80.2135,0.247184,0.082824,0.175315,0.123401,0.11715,0.259902,0.252243,0.388225,0.172947,0.168514,0.131974,0.188083,0.263584,0.31786,0.713559,0.661364,-0.207656,5.506254,LOW
36,12,22.0112,80.2136,0.134017,0.101324,0.070607,0.279362,0.304279,0.060604,0.389916,0.151969,0.086608,0.107617,0.190253,0.194715,0.295772,1.838279,0.658329,0.713515,0.178552,13.752729,LOW
37,12,22.0112,80.2137,0.156026,0.118323,0.343359,0.23079,0.347901,0.422477,0.066338,0.50982,0.332791,0.272488,0.018786,0.425849,0.234583,0.452689,1.815343,0.869353,-0.297058,11.67985,LOW
38,12,22.0112,80.2138,0.145742,0.039191,0.157518,0.164696,0.361006,0.053998,0.327501,0.161389,0.179052,0.28579,0.114974,0.336646,0.25181,1.020492,1.336904,0.547558,-0.34298,10.948872,LOW
39,12,22.0112,80.2139,0.046512,0.111113,0.236874,0.155005,0.142817,0.425101,0.289496,0.058993,0.31151,0.111072,0.174657,0.075958,0.466585,2.627507,0.162795,0.722301,0.342252,15.67043,LOW
0,13,22.0113,80.21,0.184711,0.033728,0.058119,0.169918,0.186884,0.251097,0.313334,0.135446,0.391516,0.224921,0.121177,0.085597,0.453996,1.254507,0.188541,0.422608,0.330004,8.372804,LOW
1,13,22.0113,80.2101,0.229777,0.03539,0.161418,0.205876,0.09357,0.320303,0.423725,0.429068,0.182156,0.087485,0.117139,0.025107,0.149922,0.479821,0.167464,2.098479,0.78261,11.297183,LOW
2,13,22.0113,80.2102,0.233113,0.262935,0.074055,0.293672,0.399112,0.277206,0.337883,0.525667,0.464372,0.160703,0.091636,0.365397,0.432671,0.558665,0.844515,0.460772,-0.108828,6.932343,LOW
3,13,22.0113,80.2103,0.154934,0.210316,0.210219,0.093422,0.280565,0.079887,0.246088,0.54082,0.491226,0.206153,0.121539,0.211711,0.448765,0.172742,0.471763,0.45973,-0.387664,2.496844,LOW
4,13,22.0113,80.2104,0.101078,0.23331,0.343963,0.122734,0.342378,0.31661,0.042573,0.447138,0.303012,0.222525,0.051531,0.381681,0.439041,0.274488,0.869352,0.568642,-0.513362,4.78739,LOW
5,13,22.0113,80.2105,0.175367,0.210781,0.163999,0.261415,0.372094,0.286545,0.225571,0.314167,0.265074,0.282598,0.163705,0.32261,0.130726,0.83209,2.467837,0.93841,-0.104781,17.339384,LOW
6,13,22.0113,80.2106,0.237262,0.108203,0.253818,0.149573,0.196032,0.122253,0.42951,0.226445,0.067259,0.160778,0.162071,0.136511,0.461798,0.660527,0.295607,0.674219,0.045658,5.985627,LOW
7,13,22.0113,80.2107,0.244971,0.20638,0.049293,0.231088,0.223719,0.350215,0.366498,0.128509,0.337367,0.143533,0.179459,0.219156,0.058459,1.798225,3.748877,1.009963,0.026502,28.518452,LOW
8,13,22.0113,80.2108,0.08508,0.266625,0.102518,0.344797,0.182687,0.437658,0.204041,0.262208,0.499452,0.201788,0.18322,0.450247,0.247237,1.314972,1.821113,0.641326,-0.132634,15.5541,LOW
9,13,22.0113,80.2109,0.235208,0.279471,0.061392,0.190748,0.374828,0.208205,0.28427,0.281027,0.28725,0.140846,0.055117,0.142211,0.335689,0.678753,0.423639,0.527601,0.145776,6.52646,LOW
10,13,22.0113,80.211,0.187966,0.135038,0.079209,0.302142,0.281462,0.366424,0.368172,0.061119,0.148788,0.280954,0.14099,0.21278,0.130412,4.943505,1.631591,1.111189,0.173545,34.118817,MEDIUM
11,13,22.0113,80.2111,0.220523,0.266946,0.073813,0.026979,0.071585,0.100596,0.369658,0.157036,0.1024,0.245742,0.053367,0.157902,0.377743,0.171799,0.418015,0.188168,-0.70815,0.38815,LOW
12,13,22.0113,80.2112,0.058521,0.228518,0.232959,0.235203,0.255134,0.171257,0.104397,0.530614,0.304393,0.14948,0.084338,0.447421,0.170383,0.443266,2.625965,0.757785,-0.310885,15.047098,LOW
13,13,22.0113,80.2113,0.244537,0.079993,0.172809,0.234934,0.057493,0.412539,0.089712,0.209733,0.031609,0.186696,0.144716,0.041699,0.023861,1.12016,1.747587,6.219467,0.698528,34.344789,MEDIUM
14,13,22.0113,80.2114,0.193309,0.177732,0.210755,0.19684,0.119187,0.163861,0.290654,0.085861,0.105057,0.070347,0.074076,0.104551,0.325087,2.292525,0.321611,0.948693,0.306208,15.439246,LOW
15,13,22.0113,80.2115,0.058299,0.098881,0.221967,0.046898,0.345515,0.2772,0.423837,0.059874,0.099412,0.191064,0.123229,0.173087,0.020719,0.783282,8.353894,1.387288,-0.573623,44.667394,MEDIUM
16,13,22.0113,80.2116,0.144228,0.078386,0.130589,0.101887,0.271071,0.0635,0.048678,0.374708,0.460458,0.279819,0.126891,0.280003,0.331417,0.271911,0.844866,0.380223,-0.466405,4.217878,LOW
17,13,22.0113,80.2117,0.045653,0.159289,0.301255,0.216901,0.355906,0.407583,0.2529,0.107968,0.365953,0.235854,0.057807,0.357844,0.114932,2.00894,3.113529,1.095986,-0.245228,25.944991,LOW
18,13,22.0113,80.2118,0.186655,0.195694,0.191665,0.031406,0.062411,0.271416,0.427308,0.312688,0.394674,0.179865,0.06791,0.029114,0.482251,0.100437,0.06037,0.436226,0.037872,1.484815,LOW
19,13,22.0113,80.2119,0.156892,0.027186,0.308573,0.189683,0.373991,0.094535,0.228923,0.543371,0.265664,0.283873,0.069611,0.05192,0.361978,0.349086,0.143435,1.203814,0.570202,7.107788,LOW
20,13,22.0113,80.212,0.153006,0.106849,0.281155,0.203166,0.182368,0.290525,0.088931,0.432081,0.363731,0.195025,0.051324,0.242164,0.331217,0.470204,0.731134,0.844676,-0.087571,7.252669,LOW
21,13,22.0113,80.2121,0.214863,0.128268,0.251778,0.346194,0.136118,0.435112,0.201456,0.410625,0.265441,0.244505,0.119027,0.115707,0.028681,0.84309,4.034338,4.141428,0.498995,36.650143,MEDIUM
22,13,22.0113,80.2122,0.197038,0.083834,0.187109,0.340686,0.394886,0.121422,0.054999,0.539925,0.218216,0.279314,0.048569,0.340704,0.206077,0.630987,1.653289,0.965277,-0.000027,12.985325,LOW
23,13,22.0113,80.2123,0.041095,0.220781,0.294947,0.212216,0.058973,0.125618,0.379211,0.136919,0.097624,0.078872,0.192668,0.201047,0.19193,1.54994,1.047497,1.290567,0.027028,15.557013,LOW
24,13,22.0113,80.2124,0.195292,0.083084,0.245365,0.320257,0.034188,0.060484,0.217147,0.189937,0.316276,0.231275,0.089337,0.429531,0.48729,1.686116,0.88147,0.616938,-0.145741,12.769207,LOW
25,13,22.0113,80.2125,0.144537,0.185291,0.266273,0.222963,0.105981,0.145231,0.309051,0.400744,0.251177,0.189146,0.09904,0.141795,0.459492,0.556372,0.308591,0.813649,0.222525,6.547273,LOW
26,13,22.0113,80.2126,0.06342,0.251829,0.04051,0.207957,0.330932,0.335544,0.122964,0.481003,0.260816,0.270722,0.172234,0.266318,0.087334,0.432341,3.049416,0.702575,-0.123053,17.397685,LOW
27,13,22.0113,80.2127,0.099851,0.279741,0.151183,0.147861,0.263589,0.352867,0.339099,0.339724,0.456287,0.265817,0.095201,0.302104,0.309195,0.435239,0.977067,0.489195,-0.342789,6.332193,LOW
28,13,22.0113,80.2128,0.137115,0.069201,0.236745,0.275442,0.350885,0.106368,0.1719,0.217787,0.460967,0.270412,0.04435,0.479959,0.482038,1.264732,0.995687,0.532422,-0.270739,10.672456,LOW
29,13,22.0113,80.2129,0.217535,0.083621,0.04341,0.073137,0.290459,0.424241,0.318618,0.261154,0.219579,0.020962,0.037066,0.225831,0.177748,0.280052,1.270511,0.288783,-0.510737,5.828627,LOW
30,13,22.0113,80.213,0.222838,0.096219,0.187215,0.081136,0.387462,0.223668,0.191239,0.384177,0.205428,0.066013,0.132992,0.354532,0.451118,0.211194,0.785896,0.333086,-0.627533,3.004757,LOW
31,13,22.0113,80.2131,0.043483,0.115561,0.198169,0.235252,0.359741,0.428064,0.396793,0.521698,0.255766,0.232585,0.088307,0.434974,0.025819,0.450935,16.846903,0.940596,-0.297992,82.425021,HIGH
32,13,22.0113,80.2132,0.121696,0.098789,0.105734,0.265868,0.216728,0.43044,0.324466,0.085537,0.201744,0.044017,0.170284,0.0941,0.132105,3.108218,0.71231,1.642761,0.477175,23.806107,LOW
33,13,22.0113,80.2133,0.214012,0.217005,0.116413,0.048024,0.3253,0.177648,0.058647,0.528713,0.235746,0.251558,0.016375,0.282307,0.261703,0.090832,1.078732,0.302268,-0.709237,3.462068,LOW
34,13,22.0113,80.2134,0.158544,0.152063,0.260422,0.347515,0.330136,0.275815,0.347195,0.087991,0.085957,0.024908,0.047024,0.36035,0.039744,3.949436,9.066824,1.519484,-0.018133,65.020695,HIGH
35,13,22.0113,80.2135,0.216687,0.034207,0.046798,0.281794,0.068175,0.074443,0.14592,0.120396,0.037094,0.155464,0.167834,0.469215,0.024887,2.340569,18.854137,0.66503,-0.249558,100,HIGH
36,13,22.0113,80.2136,0.15737,0.076537,0.023435,0.091741,0.288041,0.426727,0.106064,0.263085,0.342907,0.245968,0.125909,0.326127,0.453811,0.348713,0.71864,0.147673,-0.560909,2.96286,LOW
37,13,22.0113,80.2137,0.071298,0.089865,0.327377,0.271949,0.199872,0.398591,0.266506,0.106626,0.261341,0.265286,0.148928,0.347228,0.307199,2.550507,1.130305,0.915803,-0.121579,19.00337,LOW
38,13,22.0113,80.2138,0.135656,0.236202,0.254917,0.072181,0.061944,0.121713,0.208894,0.318034,0.239975,0.130712,0.075561,0.316271,0.055477,0.226961,5.700891,0.879891,-0.628365,27.849586,LOW
39,13,22.0113,80.2139,0.138486,0.056706,0.203681,0.277928,0.183537,0.39464,0.185562,0.250087,0.321508,0.29579,0.048977,0.054456,0.093688,1.111325,0.581248,3.250968,0.672332,19.462332,LOW
0,14,22.0114,80.21,0.225638,0.046482,0.274857,0.116835,0.026852,0.155239,0.024775,0.172307,0.098927,0.187947,0.103345,0.073745,0.185242,0.678061,0.398104,1.5124,0.226096,9.735338,LOW
1,14,22.0114,80.2101,0.101823,0.197779,0.108001,0.085504,0.196638,0.331903,0.370803,0.478094,0.442813,0.280771,0.011775,0.377654,0.139284,0.178843,2.711408,0.374329,-0.630779,12.007013,LOW
2,14,22.0114,80.2102,0.074048,0.04382,0.245879,0.143249,0.022649,0.302532,0.082931,0.233609,0.063299,0.124545,0.196782,0.238915,0.107597,0.613199,2.220458,1.122984,-0.250329,15.273564,LOW
3,14,22.0114,80.2103,0.192237,0.216784,0.216737,0.212456,0.327468,0.123528,0.04731,0.443232,0.322885,0.131703,0.032379,0.47131,0.103614,0.479334,4.548694,0.746521,-0.378571,23.9915,LOW
4,14,22.0114,80.2104,0.116504,0.070066,0.118787,0.213744,0.095472,0.27729,0.223581,0.161247,0.098929,0.103959,0.177771,0.28448,0.280626,1.325565,1.013734,0.58844,-0.141977,11.620629,LOW
5,14,22.0114,80.2105,0.131401,0.197059,0.116055,0.136083,0.111733,0.369407,0.055627,0.42573,0.442071,0.213168,0.037341,0.076948,0.148329,0.319646,0.518764,1.119237,0.277591,7.550887,LOW
6,14,22.0114,80.2106,0.244615,0.11747,0.180244,0.264491,0.35737,0.428374,0.312933,0.060098,0.487042,0.045041,0.054479,0.02511,0.300073,4.40102,0.083679,1.367646,0.826591,27.155065,LOW
7,14,22.0114,80.2107,0.175168,0.04164,0.048973,0.177457,0.185115,0.369117,0.192346,0.367297,0.202941,0.13771,0.092385,0.387011,0.189112,0.483142,2.046464,0.393023,-0.371242,11.185107,LOW
8,14,22.0114,80.2108,0.174525,0.215619,0.256562,0.164905,0.136354,0.424079,0.142108,0.40054,0.155259,0.256021,0.082028,0.486919,0.093812,0.411706,5.190384,0.725753,-0.49402,26.259081,LOW
9,14,22.0114,80.2109,0.234794,0.020887,0.321834,0.244669,0.045094,0.114064,0.082379,0.229426,0.458428,0.098916,0.191594,0.404705,0.43897,1.066436,0.921943,0.67147,-0.246447,9.906918,LOW
10,14,22.0114,80.211,0.184748,0.230909,0.319152,0.255465,0.250276,0.188797,0.401549,0.463758,0.493365,0.135514,0.106617,0.042346,0.264485,0.550857,0.160107,1.872748,0.715618,10.680282,LOW
11,14,22.0114,80.2111,0.239598,0.27298,0.21439,0.34175,0.313623,0.352827,0.372031,0.355722,0.40081,0.134071,0.047524,0.498284,0.483099,0.960723,1.031432,0.56669,-0.186343,9.784876,LOW
12,14,22.0114,80.2112,0.16566,0.07877,0.089987,0.041475,0.031286,0.377547,0.075565,0.18719,0.192636,0.053422,0.183708,0.174395,0.083859,0.221566,2.079635,0.509042,-0.615742,9.711434,LOW
13,14,22.0114,80.2113,0.155105,0.155282,0.022819,0.337514,0.361388,0.198638,0.415038,0.438725,0.128872,0.087044,0.153887,0.314007,0.327708,0.769306,0.958193,0.561515,0.036079,9.222614,LOW
14,14,22.0114,80.2114,0.085372,0.221427,0.199529,0.091475,0.088084,0.204728,0.384606,0.213795,0.373463,0.293918,0.138352,0.422598,0.344621,0.427862,1.22627,0.379297,-0.644118,6.180516,LOW
15,14,22.0114,80.2115,0.073083,0.104265,0.101731,0.060309,0.218212,0.077709,0.087118,0.195198,0.384592,0.121735,0.018654,0.440839,0.42654,0.308966,1.033523,0.186816,-0.759315,3.755682,LOW
16,14,22.0114,80.2116,0.142246,0.187411,0.115343,0.239737,0.04483,0.32258,0.380498,0.231056,0.074701,0.068189,0.038042,0.320094,0.223721,1.037568,1.430772,0.652942,-0.143538,12.423024,LOW
17,14,22.0114,80.2117,0.033583,0.028352,0.239487,0.099904,0.303635,0.088993,0.305697,0.435435,0.290525,0.067881,0.178745,0.493727,0.178085,0.229434,2.77242,0.505187,-0.663415,12.837952,LOW
18,14,22.0114,80.2118,0.058706,0.110001,0.06056,0.234477,0.347465,0.279094,0.153524,0.410911,0.249548,0.197376,0.014152,0.333692,0.375205,0.570628,0.889359,0.416192,-0.174621,6.85363,LOW
19,14,22.0114,80.2119,0.182925,0.102232,0.218607,0.168414,0.104803,0.3262,0.211126,0.320865,0.268089,0.13918,0.066069,0.463366,0.158218,0.524877,2.928656,0.622636,-0.466858,15.939679,LOW
20,14,22.0114,80.212,0.176173,0.20763,0.266284,0.340991,0.278702,0.247153,0.326939,0.530813,0.29354,0.029414,0.067454,0.075613,0.210617,0.642395,0.359008,2.121633,0.637003,12.575767,LOW
21,14,22.0114,80.2121,0.026519,0.194954,0.031366,0.273921,0.268287,0.198679,0.039357,0.366122,0.290173,0.208025,0.193844,0.496593,0.157393,0.748169,3.155118,0.46681,-0.288991,18.11904,LOW
22,14,22.0114,80.2122,0.057528,0.211292,0.204985,0.169146,0.379483,0.120266,0.131697,0.243862,0.291841,0.195195,0.044951,0.255744,0.31696,0.693615,0.806866,0.653272,-0.203812,7.693967,LOW
23,14,22.0114,80.2123,0.1621,0.265829,0.258129,0.241607,0.24223,0.374464,0.239392,0.455842,0.307986,0.277967,0.069004,0.200526,0.390216,0.530024,0.513884,0.845947,0.092917,7.082538,LOW
24,14,22.0114,80.2124,0.11376,0.282038,0.162946,0.035224,0.198834,0.335605,0.081011,0.354787,0.085348,0.112003,0.142857,0.466748,0.306798,0.099283,1.521351,0.256184,-0.859656,4.963946,LOW
25,14,22.0114,80.2125,0.155462,0.049128,0.119488,0.192474,0.087869,0.208753,0.371122,0.442439,0.249756,0.211657,0.055173,0.251548,0.138619,0.43503,1.814672,0.799563,-0.133041,11.888603,LOW
26,14,22.0114,80.2126,0.049601,0.198557,0.071643,0.290179,0.085144,0.226151,0.093097,0.379868,0.352484,0.033413,0.058765,0.072701,0.381663,0.763894,0.190486,0.796325,0.599309,8.091327,LOW
27,14,22.0114,80.2127,0.218372,0.115193,0.335281,0.186572,0.082442,0.307781,0.05631,0.494152,0.333322,0.174905,0.195212,0.368334,0.401207,0.377559,0.918066,0.678134,-0.327556,6.423384,LOW
28,14,22.0114,80.2128,0.079555,0.108979,0.154401,0.159128,0.028162,0.121414,0.392414,0.522506,0.419601,0.256559,0.146288,0.074517,0.271982,0.304549,0.273977,0.904851,0.362136,5.925244,LOW
29,14,22.0114,80.2129,0.106113,0.251436,0.084449,0.104669,0.235154,0.063865,0.084259,0.535366,0.220979,0.055995,0.030634,0.446952,0.369792,0.19551,1.208657,0.231551,-0.620503,4.619274,LOW
30,14,22.0114,80.213,0.123355,0.16808,0.036764,0.171876,0.346032,0.077681,0.360924,0.432286,0.287837,0.291868,0.153551,0.495393,0.310354,0.397598,1.596219,0.25894,-0.484838,7.896197,LOW
31,14,22.0114,80.2131,0.156351,0.14411,0.097399,0.27743,0.33784,0.377726,0.264476,0.490898,0.0592,0.162,0.022544,0.335156,0.330999,0.565149,1.012558,0.562675,-0.094233,8.115719,LOW
32,14,22.0114,80.2132,0.245519,0.073797,0.293379,0.255462,0.121512,0.37925,0.228911,0.18101,0.199693,0.055004,0.027811,0.487251,0.250992,1.411314,1.9413,0.743442,-0.312085,16.328209,LOW
33,14,22.0114,80.2133,0.068169,0.227254,0.081129,0.064174,0.201939,0.213654,0.230727,0.452429,0.324367,0.17526,0.135528,0.463904,0.447024,0.141844,1.037762,0.159511,-0.756952,2.913348,LOW
34,14,22.0114,80.2134,0.057349,0.262925,0.241342,0.128004,0.34899,0.058733,0.376238,0.515548,0.416048,0.0845,0.088044,0.229149,0.032818,0.248286,6.982449,1.409897,-0.283199,36.700935,MEDIUM
35,14,22.0114,80.2135,0.053427,0.206721,0.322478,0.150678,0.082148,0.371085,0.405067,0.257587,0.215771,0.214435,0.195274,0.083565,0.18817,0.58496,0.444094,1.741238,0.286508,10.419121,LOW
36,14,22.0114,80.2136,0.198189,0.22191,0.146915,0.154507,0.193905,0.315458,0.27124,0.117765,0.261588,0.086596,0.136845,0.487402,0.426547,1.311994,1.142668,0.329801,-0.518602,10.174698,LOW
37,14,22.0114,80.2137,0.107965,0.050659,0.194956,0.337531,0.176832,0.308209,0.37775,0.15707,0.081346,0.289985,0.03928,0.10253,0.067287,2.148919,1.523766,3.135657,0.53402,27.96033,LOW
38,14,22.0114,80.2138,0.233202,0.108565,0.071266,0.28724,0.375242,0.33062,0.422156,0.271995,0.059928,0.236906,0.091079,0.497171,0.12782,1.056051,3.889631,0.573618,-0.267629,23.411273,LOW
39,14,22.0114,80.2139,0.035309,0.151294,0.095296,0.106097,0.264749,0.314027,0.377951,0.091533,0.063253,0.26029,0.131145,0.258473,0.128686,1.15911,2.008554,0.520181,-0.41796,14.430743,LOW
0,15,22.0115,80.21,0.142258,0.238758,0.147581,0.231799,0.305264,0.066148,0.26846,0.421135,0.1346,0.175984,0.120405,0.235978,0.089824,0.550415,2.627101,1.16445,-0.008933,17.771934,LOW
1,15,22.0115,80.2101,0.194164,0.047473,0.24534,0.098464,0.364547,0.166205,0.058098,0.156767,0.069052,0.276492,0.175857,0.298022,0.097053,0.628087,3.070716,0.870225,-0.503318,17.75104,LOW
2,15,22.0115,80.2102,0.13663,0.078017,0.180141,0.166003,0.126819,0.189844,0.126867,0.07647,0.227849,0.056966,0.171714,0.330927,0.149011,2.170825,2.220822,0.721226,-0.331886,21.072285,LOW
3,15,22.0115,80.2103,0.113518,0.286476,0.300317,0.21509,0.052019,0.409731,0.176121,0.27418,0.140819,0.082807,0.133743,0.074978,0.433037,0.784487,0.173145,1.014552,0.483031,8.425504,LOW
4,15,22.0115,80.2104,0.206649,0.060013,0.266763,0.155826,0.349552,0.12307,0.04196,0.217219,0.080175,0.097611,0.093617,0.026748,0.102487,0.717367,0.260993,3.269932,0.706987,16.278724,LOW
5,15,22.0115,80.2105,0.137094,0.225097,0.207402,0.182846,0.25173,0.291157,0.239612,0.061089,0.169335,0.212903,0.078185,0.191074,0.257598,2.993122,0.741752,0.869785,-0.022005,19.42458,LOW
6,15,22.0115,80.2106,0.228503,0.134877,0.163176,0.192003,0.266846,0.022986,0.124661,0.267684,0.273842,0.083653,0.083177,0.385528,0.069579,0.717273,5.540866,0.78043,-0.335091,30.005714,MEDIUM
7,15,22.0115,80.2107,0.074879,0.265465,0.20448,0.063056,0.156152,0.160966,0.199617,0.142289,0.225882,0.131341,0.184469,0.331541,0.239819,0.443155,1.382461,0.468244,-0.680402,7.149923,LOW
8,15,22.0115,80.2108,0.157645,0.039174,0.163311,0.10735,0.337276,0.195109,0.102392,0.087721,0.42109,0.197797,0.039888,0.430363,0.200292,1.223771,2.148675,0.429175,-0.600716,14.535258,LOW
9,15,22.0115,80.2109,0.16593,0.226183,0.174242,0.209213,0.346391,0.245775,0.220103,0.078191,0.123938,0.046637,0.123739,0.437191,0.203116,2.675679,2.152423,0.598861,-0.352687,22.672433,LOW
10,15,22.0115,80.211,0.22864,0.285997,0.120521,0.218045,0.277927,0.442982,0.150631,0.366972,0.043685,0.108185,0.085684,0.249733,0.186436,0.594175,1.339515,0.776228,-0.067741,10.537041,LOW
11,15,22.0115,80.2111,0.041449,0.216258,0.076453,0.328979,0.174088,0.026536,0.2493,0.442028,0.327748,0.183454,0.142382,0.196139,0.06038,0.744249,3.248427,1.580512,0.25297,23.717789,LOW
12,15,22.0115,80.2112,0.205316,0.121875,0.338203,0.03137,0.105889,0.29125,0.095287,0.101132,0.445767,0.21257,0.036799,0.468194,0.38838,0.310184,1.205504,0.431455,-0.874412,4.973628,LOW
13,15,22.0115,80.2113,0.177203,0.290785,0.035608,0.324216,0.340445,0.419217,0.429096,0.398445,0.169301,0.057607,0.192995,0.106763,0.371212,0.813704,0.287607,0.752811,0.504556,8.348247,LOW
14,15,22.0115,80.2114,0.21794,0.244709,0.036732,0.066059,0.053824,0.336987,0.208737,0.372207,0.177659,0.213069,0.181829,0.129933,0.139844,0.17748,0.929127,0.381024,-0.3259,4.612192,LOW
15,15,22.0115,80.2115,0.160037,0.209957,0.056081,0.261885,0.215288,0.180047,0.056578,0.316546,0.305084,0.155795,0.075803,0.425269,0.136832,0.827322,3.107968,0.565674,-0.237769,18.738708,LOW
16,15,22.0115,80.2116,0.124368,0.094935,0.151888,0.16262,0.193917,0.336407,0.199519,0.31506,0.062507,0.241572,0.050671,0.296504,0.289465,0.516157,1.024316,0.536731,-0.291607,7.242413,LOW
17,15,22.0115,80.2117,0.203155,0.230918,0.188162,0.34789,0.03109,0.326413,0.078601,0.397865,0.299404,0.198736,0.047699,0.117378,0.487795,0.874393,0.240629,0.885783,0.49544,8.800032,LOW
18,15,22.0115,80.2118,0.085362,0.273822,0.120789,0.086901,0.086535,0.166776,0.276257,0.141499,0.469721,0.225076,0.168536,0.274572,0.026938,0.614144,10.192858,0.688831,-0.519185,50.488169,MEDIUM
19,15,22.0115,80.2119,0.032746,0.198841,0.265423,0.036491,0.265688,0.136547,0.101371,0.177914,0.343554,0.038094,0.038271,0.059754,0.178252,0.205102,0.335223,1.268507,-0.241713,4.99461,LOW
20,15,22.0115,80.212,0.192492,0.127389,0.138851,0.20566,0.308154,0.2913,0.403336,0.288634,0.193378,0.200356,0.063211,0.164546,0.195655,0.71253,0.841001,0.956444,0.111058,9.876281,LOW
21,15,22.0115,80.2121,0.206846,0.294461,0.060533,0.26758,0.244452,0.331344,0.03326,0.400529,0.120011,0.072206,0.116851,0.105032,0.386138,0.668066,0.272006,0.668023,0.436239,7.112705,LOW
22,15,22.0115,80.2122,0.210596,0.03642,0.161362,0.290681,0.321475,0.173466,0.255073,0.151395,0.251416,0.233008,0.160778,0.210577,0.07445,1.920011,2.828426,1.585963,0.159806,26.989704,LOW
23,15,22.0115,80.2123,0.122968,0.110099,0.166664,0.320127,0.086834,0.400419,0.165732,0.135038,0.325947,0.050498,0.163458,0.27705,0.216384,2.370636,1.280362,0.986536,0.072134,19.690718,LOW
24,15,22.0115,80.2124,0.188515,0.289398,0.187986,0.251852,0.022132,0.267902,0.138973,0.294384,0.033739,0.211497,0.150766,0.260886,0.481001,0.855522,0.542382,0.592863,-0.01762,7.606118,LOW
25,15,22.0115,80.2125,0.184138,0.193384,0.118287,0.348269,0.095939,0.201556,0.412695,0.233584,0.35241,0.295666,0.125809,0.30015,0.058443,1.49098,5.135773,1.301071,0.074209,34.644457,MEDIUM
26,15,22.0115,80.2126,0.086366,0.047348,0.155995,0.032595,0.062794,0.29586,0.085882,0.53429,0.172778,0.053213,0.080821,0.221309,0.357587,0.061007,0.618896,0.325777,-0.743247,1.131557,LOW
27,15,22.0115,80.2127,0.196074,0.177159,0.134767,0.137028,0.173047,0.227111,0.402436,0.278387,0.074606,0.024586,0.110721,0.237548,0.134242,0.492221,1.769552,0.731044,-0.268357,11.307597,LOW
28,15,22.0115,80.2128,0.241764,0.299511,0.079801,0.055766,0.128853,0.131602,0.221127,0.411577,0.434776,0.225287,0.132835,0.299601,0.415095,0.135493,0.721764,0.189685,-0.686151,1.71665,LOW
29,15,22.0115,80.2129,0.100984,0.280206,0.137798,0.256514,0.389756,0.401643,0.329414,0.079704,0.17497,0.063842,0.041141,0.317226,0.025128,3.218323,12.624313,1.151766,-0.105819,76.858444,HIGH
30,15,22.0115,80.213,0.082892,0.106527,0.232703,0.17707,0.054802,0.103344,0.10812,0.1803,0.273138,0.118003,0.166922,0.283774,0.358556,0.982084,0.791437,0.637947,-0.231542,8.840484,LOW
31,15,22.0115,80.2131,0.154287,0.089789,0.342077,0.197185,0.028463,0.297381,0.326906,0.5465,0.209893,0.104738,0.126574,0.488506,0.025506,0.360814,19.152478,1.049122,-0.424858,92.763353,HIGH
32,15,22.0115,80.2132,0.221896,0.095183,0.182574,0.114906,0.347729,0.428527,0.282478,0.441058,0.491331,0.020674,0.034107,0.295298,0.158401,0.260523,1.864244,0.655678,-0.439761,9.892763,LOW
33,15,22.0115,80.2133,0.159907,0.081133,0.180748,0.310276,0.08483,0.039566,0.132508,0.456687,0.379635,0.251306,0.165557,0.245956,0.331498,0.679407,0.741952,0.850325,0.115636,8.938438,LOW
34,15,22.0115,80.2134,0.243111,0.07424,0.111939,0.175898,0.062751,0.133222,0.431835,0.098656,0.119674,0.248867,0.114854,0.301208,0.051221,1.782941,5.880512,0.816722,-0.262647,36.940103,MEDIUM
35,15,22.0115,80.2135,0.232201,0.104974,0.152196,0.022545,0.025569,0.426571,0.338539,0.449269,0.058967,0.200855,0.120302,0.375858,0.29656,0.050181,1.267393,0.25987,-0.886824,3.468421,LOW
36,15,22.0115,80.2136,0.183466,0.239994,0.316126,0.078624,0.33486,0.077785,0.376048,0.248823,0.298113,0.096584,0.013238,0.28275,0.027286,0.315983,10.362447,1.273235,-0.564862,51.570132,MEDIUM
37,15,22.0115,80.2137,0.182586,0.167633,0.085737,0.219006,0.145444,0.236546,0.041001,0.052564,0.32818,0.263681,0.091292,0.289548,0.486941,4.166491,0.594628,0.392462,-0.138713,22.381819,LOW
38,15,22.0115,80.2138,0.060952,0.082691,0.173616,0.231015,0.060813,0.435247,0.301514,0.232732,0.38082,0.137291,0.079226,0.358621,0.430232,0.992621,0.833551,0.512936,-0.216415,8.743803,LOW
39,15,22.0115,80.2139,0.098441,0.25415,0.331674,0.275137,0.287032,0.085645,0.268281,0.384888,0.30942,0.132629,0.019563,0.300602,0.042924,0.714849,7.003165,1.766424,-0.044229,40.85028,MEDIUM
0,16,22.0116,80.21,0.206334,0.142017,0.252457,0.089295,0.270171,0.04993,0.178025,0.255578,0.323964,0.246333,0.031296,0.335765,0.11836,0.349386,2.83682,0.752553,-0.579846,14.738241,LOW
1,16,22.0116,80.2101,0.112105,0.063027,0.221305,0.057856,0.170572,0.140217,0.081469,0.318128,0.395722,0.103908,0.183616,0.303772,0.351659,0.181863,0.863826,0.42592,-0.680025,3.359001,LOW
2,16,22.0116,80.2102,0.072453,0.195593,0.200025,0.165504,0.051182,0.083008,0.124323,0.523255,0.078368,0.153714,0.090186,0.091503,0.310256,0.316298,0.294926,0.909822,0.287937,5.862114,LOW
3,16,22.0116,80.2103,0.034518,0.034975,0.02522,0.045728,0.139479,0.021265,0.414324,0.080904,0.052883,0.284081,0.079724,0.137593,0.165327,0.56521,0.832244,0.234214,-0.501116,4.96958,LOW
4,16,22.0116,80.2104,0.071301,0.026258,0.204232,0.23366,0.285807,0.229868,0.103679,0.310753,0.47555,0.074501,0.137963,0.242429,0.077717,0.751914,3.119383,1.367786,-0.01842,21.633804,LOW
5,16,22.0116,80.2105,0.152736,0.238528,0.135887,0.298231,0.282449,0.225525,0.045421,0.133144,0.385155,0.020194,0.160154,0.147065,0.283324,2.239909,0.51907,1.008663,0.339472,16.410561,LOW
6,16,22.0116,80.2106,0.232551,0.106247,0.069546,0.159848,0.262818,0.442566,0.065898,0.413139,0.087628,0.246725,0.089492,0.406019,0.493003,0.38691,0.823564,0.255159,-0.435035,4.364435,LOW
7,16,22.0116,80.2107,0.11005,0.193565,0.154173,0.037534,0.111208,0.415223,0.186668,0.225918,0.367882,0.047476,0.192402,0.036848,0.057412,0.166141,0.64181,2.033808,0.009228,9.429451,LOW
8,16,22.0116,80.2108,0.201593,0.144778,0.180373,0.327145,0.150995,0.021042,0.050396,0.465908,0.114835,0.070313,0.034963,0.4748,0.159922,0.702167,2.968947,0.799592,-0.18412,18.398676,LOW
9,16,22.0116,80.2109,0.049623,0.298299,0.257059,0.331245,0.289261,0.211146,0.035282,0.319227,0.040317,0.101515,0.094525,0.482497,0.096031,1.037648,5.024389,1.016896,-0.185873,30.292042,MEDIUM
10,16,22.0116,80.211,0.209229,0.044601,0.218357,0.133315,0.329588,0.10393,0.058683,0.327774,0.24992,0.03781,0.178353,0.362047,0.256772,0.406728,1.409995,0.568296,-0.461747,8.105181,LOW
11,16,22.0116,80.2111,0.233333,0.295774,0.100562,0.26565,0.338294,0.181014,0.255678,0.523269,0.164462,0.175099,0.118567,0.305163,0.156754,0.507674,1.946764,0.792807,-0.069223,13.027798,LOW
12,16,22.0116,80.2112,0.135589,0.214473,0.218101,0.085684,0.192593,0.170476,0.398675,0.419156,0.476461,0.264435,0.144856,0.168443,0.334965,0.20442,0.502868,0.603455,-0.325662,3.435004,LOW
13,16,22.0116,80.2113,0.124598,0.299181,0.181802,0.279508,0.35253,0.247927,0.428714,0.135177,0.039238,0.088262,0.01903,0.148165,0.475107,2.067717,0.311856,0.740142,0.307111,13.68902,LOW
14,16,22.0116,80.2114,0.228865,0.071943,0.155943,0.051472,0.338855,0.067745,0.066032,0.491175,0.212455,0.146863,0.18209,0.265756,0.385283,0.104793,0.689766,0.318591,-0.67549,1.859048,LOW
15,16,22.0116,80.2115,0.072398,0.102447,0.223792,0.254143,0.388899,0.425894,0.251308,0.171997,0.06981,0.297307,0.01351,0.267813,0.037488,1.4776,7.143901,1.565454,-0.026189,44.517512,MEDIUM
16,16,22.0116,80.2116,0.231744,0.053043,0.167951,0.109717,0.050468,0.252959,0.336493,0.279939,0.139202,0.293876,0.158027,0.45924,0.153646,0.391932,2.988946,0.45305,-0.614322,14.606949,LOW
17,16,22.0116,80.2117,0.231025,0.297111,0.237353,0.186829,0.141223,0.099999,0.037313,0.157991,0.047622,0.049246,0.057138,0.264348,0.157056,1.182534,1.683142,1.006592,-0.171815,15.305314,LOW
18,16,22.0116,80.2118,0.240236,0.101792,0.32571,0.228982,0.265497,0.202038,0.395861,0.208855,0.083286,0.220658,0.070731,0.236018,0.362153,1.096372,0.651709,0.927315,-0.01513,10.303305,LOW
19,16,22.0116,80.2119,0.224959,0.089461,0.202935,0.298196,0.272954,0.380722,0.423951,0.124719,0.454944,0.271194,0.064536,0.480228,0.112401,2.390947,4.27246,0.845607,-0.233847,32.427975,MEDIUM
20,16,22.0116,80.212,0.140919,0.172204,0.230061,0.173406,0.194603,0.200843,0.145817,0.381657,0.165428,0.190955,0.017814,0.078247,0.233081,0.454351,0.335706,1.295955,0.378136,8.191345,LOW
21,16,22.0116,80.2121,0.176807,0.267491,0.112297,0.186378,0.060175,0.246887,0.432372,0.548365,0.45397,0.279992,0.156329,0.47934,0.073067,0.33988,6.56025,0.540678,-0.440069,31.939764,MEDIUM
22,16,22.0116,80.2122,0.142589,0.172683,0.129934,0.080522,0.348402,0.386356,0.251601,0.439917,0.172701,0.294066,0.033644,0.241492,0.041337,0.183038,5.842069,0.74411,-0.499886,28.283106,LOW
23,16,22.0116,80.2123,0.089402,0.024259,0.060241,0.13903,0.17118,0.087743,0.159618,0.149983,0.267527,0.269984,0.106301,0.151379,0.232706,0.926971,0.650517,0.51882,-0.042524,8.139262,LOW
24,16,22.0116,80.2124,0.247847,0.111014,0.221963,0.183967,0.086458,0.430042,0.085161,0.341956,0.168636,0.274819,0.190267,0.178998,0.252729,0.537983,0.708259,0.940246,0.01369,8.079106,LOW
25,16,22.0116,80.2125,0.025743,0.1967,0.118124,0.160376,0.056692,0.432888,0.336853,0.293523,0.460868,0.228225,0.118656,0.221641,0.149624,0.546383,1.481317,0.750138,-0.160371,10.606783,LOW
26,16,22.0116,80.2126,0.077851,0.153642,0.093811,0.204096,0.255462,0.130605,0.209323,0.137229,0.491592,0.126884,0.088571,0.253987,0.066226,1.487263,3.835174,0.93034,-0.108913,26.791557,LOW
27,16,22.0116,80.2127,0.233588,0.079797,0.333355,0.345157,0.127558,0.151891,0.134878,0.396439,0.076232,0.04297,0.077381,0.197571,0.255236,0.870645,0.774074,1.498458,0.271933,12.50297,LOW
28,16,22.0116,80.2128,0.239031,0.117962,0.134701,0.053242,0.296226,0.288325,0.333822,0.494841,0.447581,0.171135,0.034588,0.232521,0.106174,0.107594,2.189996,0.554902,-0.627369,9.80158,LOW
29,16,22.0116,80.2129,0.084128,0.139777,0.104353,0.176528,0.082273,0.408435,0.287511,0.067031,0.221533,0.162328,0.107185,0.315189,0.236301,2.633521,1.333844,0.509312,-0.281995,18.574554,LOW
30,16,22.0116,80.213,0.24995,0.02309,0.11164,0.021499,0.115296,0.11771,0.369114,0.420408,0.145782,0.081688,0.121108,0.423808,0.045437,0.051138,9.327339,0.283729,-0.903443,41.315711,MEDIUM
31,16,22.0116,80.2131,0.206908,0.194494,0.231229,0.059622,0.170823,0.199937,0.17492,0.241468,0.280777,0.228836,0.014448,0.157179,0.306588,0.246914,0.51267,0.627149,-0.449983,3.365615,LOW
32,16,22.0116,80.2132,0.198677,0.258268,0.189244,0.107056,0.167147,0.440818,0.150353,0.198173,0.141861,0.278639,0.051107,0.441979,0.420664,0.540214,1.05067,0.34348,-0.610022,5.878345,LOW
33,16,22.0116,80.2133,0.151524,0.066785,0.208252,0.331499,0.173392,0.436671,0.075778,0.546896,0.082068,0.155681,0.064927,0.084213,0.180285,0.606147,0.467111,2.040662,0.594849,12.527771,LOW
34,16,22.0116,80.2134,0.110683,0.242093,0.125188,0.302434,0.214672,0.323903,0.381165,0.186473,0.081323,0.265735,0.148689,0.22678,0.159987,1.621863,1.417496,1.105632,0.142954,17.414791,LOW
35,16,22.0116,80.2135,0.022125,0.131285,0.333685,0.020496,0.273561,0.212157,0.333994,0.302011,0.08615,0.199637,0.07617,0.463768,0.258331,0.067865,1.795252,0.490487,-0.915352,6.66049,LOW
36,16,22.0116,80.2136,0.104084,0.093918,0.126956,0.258183,0.107059,0.150411,0.061588,0.353809,0.102735,0.29901,0.094549,0.390431,0.30244,0.729725,1.290935,0.55586,-0.203893,9.829852,LOW
37,16,22.0116,80.2137,0.1062,0.180926,0.045161,0.053981,0.122031,0.429807,0.04144,0.457558,0.359148,0.189701,0.074122,0.429893,0.040059,0.117976,10.731571,0.210961,-0.776881,48.386783,MEDIUM
38,16,22.0116,80.2138,0.038742,0.070085,0.217812,0.195025,0.399835,0.237541,0.168586,0.221196,0.049509,0.251502,0.140763,0.334217,0.173388,0.881684,1.927561,0.813303,-0.263003,14.150608,LOW
39,16,22.0116,80.2139,0.039436,0.105561,0.323425,0.143849,0.264392,0.399664,0.107092,0.441975,0.348718,0.1154,0.063005,0.363133,0.287067,0.325467,1.264975,0.718661,-0.43253,7.605169,LOW
0,17,22.0117,80.21,0.080575,0.247743,0.082068,0.290011,0.079508,0.370542,0.178174,0.144449,0.070821,0.057226,0.181862,0.226959,0.387857,2.007708,0.585163,0.605186,0.121963,13.68853,LOW
1,17,22.0117,80.2101,0.133701,0.142355,0.071133,0.185682,0.219127,0.212231,0.260384,0.533694,0.172716,0.128329,0.014816,0.25092,0.170475,0.347918,1.471886,0.609439,-0.149423,9.225365,LOW
2,17,22.0117,80.2102,0.198047,0.28959,0.025825,0.266133,0.143631,0.071835,0.186123,0.295441,0.224795,0.210561,0.124318,0.197095,0.049498,0.900799,3.981872,1.183968,0.149038,26.328358,LOW
3,17,22.0117,80.2103,0.155442,0.096472,0.31472,0.258408,0.322109,0.203383,0.15702,0.112696,0.454617,0.144886,0.173683,0.445198,0.448425,2.292965,0.992802,0.641353,-0.265475,15.840987,LOW
4,17,22.0117,80.2104,0.144421,0.08655,0.196249,0.319205,0.029286,0.356697,0.247529,0.54937,0.133188,0.201412,0.122413,0.448006,0.421213,0.581039,1.063608,0.593008,-0.167882,8.294325,LOW
5,17,22.0117,80.2105,0.203217,0.170035,0.269679,0.243192,0.336647,0.442161,0.349174,0.444828,0.465606,0.161,0.196319,0.31932,0.482147,0.546711,0.662287,0.639915,-0.135335,6.498654,LOW
6,17,22.0117,80.2106,0.21504,0.246709,0.347477,0.23548,0.114063,0.214634,0.302764,0.346339,0.426595,0.29805,0.152253,0.3627,0.231245,0.679914,1.568466,0.9815,-0.212679,12.202416,LOW
7,17,22.0117,80.2107,0.121164,0.24279,0.28044,0.141019,0.125277,0.391046,0.340608,0.385223,0.248718,0.060669,0.118576,0.101927,0.240898,0.366071,0.423113,1.229368,0.160906,7.299399,LOW
8,17,22.0117,80.2108,0.159648,0.086338,0.229792,0.192349,0.189716,0.132537,0.436856,0.417751,0.260152,0.057279,0.011525,0.284688,0.141269,0.460438,2.015214,0.991041,-0.193569,13.358484,LOW
9,17,22.0117,80.2109,0.231893,0.074907,0.114183,0.062779,0.300392,0.409806,0.343741,0.073323,0.170049,0.042478,0.07854,0.177481,0.233078,0.856194,0.761468,0.431026,-0.477409,6.692708,LOW
10,17,22.0117,80.211,0.038356,0.113101,0.04669,0.279528,0.220014,0.145279,0.129486,0.475297,0.152974,0.130415,0.025282,0.37724,0.49396,0.588111,0.763706,0.374446,-0.148778,6.296312,LOW
11,17,22.0117,80.2111,0.160049,0.132584,0.123731,0.033488,0.169419,0.189654,0.431088,0.054481,0.066771,0.226198,0.182349,0.409783,0.25139,0.614682,1.630069,0.237789,-0.848903,7.868615,LOW
12,17,22.0117,80.2112,0.198598,0.072793,0.031517,0.06063,0.320296,0.334422,0.303939,0.052402,0.046439,0.240553,0.173751,0.18998,0.197558,1.157016,0.961641,0.237778,-0.516137,8.317877,LOW
13,17,22.0117,80.2113,0.118287,0.069325,0.299708,0.159317,0.291444,0.388914,0.331377,0.032206,0.198999,0.162322,0.067863,0.369269,0.470054,4.946817,0.785589,0.546899,-0.397196,26.613959,LOW
14,17,22.0117,80.2114,0.192487,0.227688,0.26864,0.163701,0.205207,0.107614,0.401509,0.543999,0.427523,0.071374,0.107626,0.378047,0.290675,0.300921,1.30058,0.646517,-0.395657,7.546721,LOW
15,17,22.0117,80.2115,0.213208,0.105997,0.242801,0.342999,0.303872,0.249842,0.415773,0.094361,0.126932,0.0363,0.033847,0.217137,0.178716,3.634959,1.21498,1.479843,0.224699,27.337025,LOW
16,17,22.0117,80.2116,0.195799,0.279807,0.208193,0.234221,0.313552,0.249232,0.197849,0.162443,0.385706,0.119874,0.092053,0.082537,0.450511,1.441863,0.183207,0.829971,0.478866,10.96692,LOW
17,17,22.0117,80.2117,0.143466,0.169456,0.22545,0.165681,0.268974,0.398149,0.080426,0.254043,0.050458,0.172809,0.165903,0.383991,0.233191,0.652177,1.646682,0.633736,-0.397164,10.77428,LOW
18,17,22.0117,80.2118,0.186605,0.029324,0.179866,0.334152,0.128412,0.26618,0.30013,0.308298,0.291449,0.071912,0.16399,0.158689,0.129291,1.083858,1.227377,1.784911,0.356024,16.789656,LOW
19,17,22.0117,80.2119,0.183147,0.221434,0.042847,0.336834,0.374467,0.148784,0.362963,0.434527,0.312782,0.141723,0.014287,0.398107,0.02182,0.775174,18.244784,0.904158,-0.083371,91.06322,HIGH
20,17,22.0117,80.212,0.108174,0.070638,0.345619,0.207442,0.290289,0.07328,0.115896,0.393932,0.336716,0.138687,0.028218,0.404374,0.040618,0.526594,9.955617,1.242859,-0.32188,51.314484,MEDIUM
21,17,22.0117,80.2121,0.024891,0.136036,0.082373,0.114613,0.025541,0.223958,0.148177,0.439998,0.204581,0.18923,0.088065,0.249423,0.021126,0.260484,11.806272,0.728095,-0.370321,56.987896,MEDIUM
22,17,22.0117,80.2122,0.238435,0.142174,0.034546,0.156976,0.280178,0.045197,0.051882,0.505854,0.321779,0.206163,0.087521,0.05942,0.127714,0.310318,0.46526,1.023445,0.45082,7.498297,LOW
23,17,22.0117,80.2123,0.12757,0.03208,0.190079,0.324687,0.278484,0.393472,0.222433,0.118875,0.149362,0.148598,0.073908,0.405104,0.103279,2.73133,3.92242,1.012557,-0.110191,33.291749,MEDIUM
24,17,22.0117,80.2124,0.088657,0.273822,0.059142,0.237303,0.322525,0.227644,0.448441,0.48688,0.365846,0.100852,0.071004,0.081539,0.134315,0.487396,0.607075,1.373359,0.488529,10.207239,LOW
25,17,22.0117,80.2125,0.077622,0.098683,0.144756,0.112028,0.094584,0.250763,0.078983,0.26897,0.295876,0.137119,0.103629,0.486334,0.250403,0.416506,1.942204,0.348541,-0.625552,9.448511,LOW
26,17,22.0117,80.2126,0.111883,0.189207,0.294365,0.184172,0.087534,0.131014,0.384655,0.330784,0.230674,0.1793,0.168595,0.147366,0.346238,0.556774,0.425619,0.969475,0.111017,7.236929,LOW
27,17,22.0117,80.2127,0.152912,0.091613,0.158188,0.250861,0.283971,0.377119,0.281831,0.056089,0.261396,0.131892,0.082233,0.433456,0.1303,4.472565,3.32659,0.725578,-0.266828,37.278661,MEDIUM
28,17,22.0117,80.2128,0.139084,0.184424,0.102183,0.157591,0.187113,0.351404,0.193534,0.246389,0.461141,0.213303,0.053602,0.041661,0.048544,0.639602,0.858206,2.879821,0.581828,17.104272,LOW
29,17,22.0117,80.2129,0.107905,0.258633,0.192709,0.215904,0.22343,0.089629,0.367572,0.469501,0.183712,0.14046,0.173757,0.309879,0.210931,0.459859,1.469101,0.784572,-0.178734,10.193732,LOW
30,17,22.0117,80.213,0.037887,0.07043,0.080917,0.348941,0.39367,0.421918,0.445633,0.235703,0.189034,0.086244,0.177676,0.448459,0.109298,1.480426,4.103068,0.770689,-0.124803,27.467393,LOW
31,17,22.0117,80.2131,0.245574,0.137875,0.134062,0.064594,0.184506,0.184786,0.426977,0.27457,0.182993,0.189627,0.198862,0.445272,0.052329,0.235254,8.509086,0.399227,-0.746624,39.191985,MEDIUM
32,17,22.0117,80.2132,0.023614,0.16714,0.335863,0.24418,0.071815,0.08585,0.312849,0.534619,0.047521,0.133485,0.042492,0.349993,0.131338,0.456737,2.664814,1.205081,-0.178084,17.107281,LOW
33,17,22.0117,80.2133,0.231546,0.049154,0.094301,0.307833,0.101175,0.063115,0.150117,0.515423,0.059049,0.291586,0.125066,0.328998,0.409053,0.597243,0.804291,0.544859,-0.033235,7.424133,LOW
34,17,22.0117,80.2134,0.027311,0.186884,0.288141,0.197194,0.39451,0.324698,0.447665,0.065745,0.042676,0.031711,0.040911,0.44713,0.165052,2.999384,2.709032,0.792795,-0.387905,27.299684,LOW
35,17,22.0117,80.2135,0.136248,0.29983,0.324125,0.182652,0.030693,0.12646,0.324293,0.214616,0.328131,0.022143,0.181918,0.02219,0.043171,0.851065,0.513988,7.753503,0.783349,32.357778,MEDIUM
36,17,22.0117,80.2136,0.200658,0.24599,0.348182,0.126836,0.352857,0.322173,0.428767,0.091962,0.163423,0.184249,0.099473,0.0407,0.187321,1.379226,0.217275,2.08322,0.514131,14.863646,LOW
37,17,22.0117,80.2137,0.172622,0.165181,0.020197,0.19375,0.129795,0.340702,0.086972,0.092064,0.236028,0.159869,0.190622,0.028616,0.479825,2.10451,0.059639,0.420789,0.74262,13.04154,LOW
38,17,22.0117,80.2138,0.182321,0.076803,0.021136,0.268404,0.316426,0.02389,0.322029,0.100124,0.440539,0.109128,0.110475,0.470864,0.463038,2.680725,1.0169,0.310032,-0.273866,16.710877,LOW
39,17,22.0117,80.2139,0.042423,0.049963,0.064923,0.273018,0.204838,0.384993,0.437992,0.450956,0.220983,0.113636,0.120835,0.43843,0.412137,0.605421,1.063798,0.397312,-0.232501,7.595299,LOW
0,18,22.0118,80.21,0.218732,0.265462,0.217761,0.230108,0.223624,0.36476,0.040667,0.400482,0.407841,0.046994,0.169784,0.075549,0.487608,0.574577,0.154938,0.795282,0.505661,6.73996,LOW
1,18,22.0118,80.2101,0.16946,0.226724,0.194481,0.227257,0.036436,0.19764,0.230957,0.165908,0.250152,0.132129,0.019073,0.200821,0.419616,1.369777,0.478583,0.679743,0.061754,10.239899,LOW
2,18,22.0118,80.2102,0.236604,0.235222,0.29821,0.28548,0.252868,0.336211,0.028665,0.094732,0.2251,0.141838,0.013867,0.226719,0.367812,3.01355,0.616399,0.981767,0.114725,19.710259,LOW
3,18,22.0118,80.2103,0.248907,0.151061,0.041199,0.04942,0.288023,0.236381,0.123722,0.190547,0.164255,0.213077,0.132393,0.327811,0.48341,0.259357,0.678122,0.111707,-0.737987,1.686985,LOW
4,18,22.0118,80.2104,0.193568,0.033331,0.170386,0.202194,0.14194,0.259021,0.139971,0.238754,0.41709,0.29938,0.118823,0.245989,0.401118,0.846871,0.613258,0.575761,-0.097717,7.59404,LOW
5,18,22.0118,80.2105,0.205185,0.180185,0.280498,0.344308,0.098222,0.092423,0.289723,0.188937,0.207766,0.044117,0.121561,0.40519,0.072516,1.822344,5.587599,1.307929,-0.08123,37.854667,MEDIUM
6,18,22.0118,80.2106,0.241037,0.161733,0.23274,0.131361,0.285856,0.235006,0.249297,0.153604,0.367954,0.100817,0.050268,0.495394,0.028177,0.855191,17.581794,0.69542,-0.580822,86.118575,HIGH
7,18,22.0118,80.2107,0.185444,0.032432,0.132888,0.276821,0.106949,0.096714,0.286601,0.53913,0.07079,0.036166,0.181406,0.143653,0.184174,0.513458,0.779986,1.249769,0.316708,10.216776,LOW
8,18,22.0118,80.2108,0.160691,0.1281,0.086352,0.165343,0.280747,0.372056,0.195782,0.131013,0.124589,0.141699,0.12,0.194267,0.086002,1.262031,2.25886,0.898043,-0.080434,18.326116,LOW
9,18,22.0118,80.2109,0.1412,0.201643,0.156189,0.116578,0.191362,0.081924,0.267766,0.077615,0.467998,0.297771,0.086569,0.147456,0.320727,1.502019,0.459755,0.58261,-0.116944,9.909213,LOW
10,18,22.0118,80.211,0.140251,0.057433,0.07117,0.147404,0.214859,0.247954,0.135788,0.401562,0.499275,0.063154,0.166372,0.382607,0.318376,0.367076,1.201744,0.31181,-0.443771,6.195814,LOW
11,18,22.0118,80.2111,0.167189,0.095755,0.074503,0.29049,0.032678,0.367533,0.216126,0.093189,0.23789,0.262087,0.092992,0.197159,0.482162,3.117201,0.408906,0.53729,0.19139,18.072399,LOW
12,18,22.0118,80.2112,0.163676,0.082875,0.290675,0.224645,0.175094,0.416365,0.408595,0.1012,0.461929,0.175325,0.094517,0.449923,0.216358,2.219819,2.079531,0.773428,-0.333958,20.796012,LOW
13,18,22.0118,80.2113,0.020325,0.227114,0.039054,0.267477,0.10636,0.289152,0.203978,0.126696,0.30593,0.063302,0.115189,0.233633,0.031986,2.111168,7.304293,1.154025,0.067537,47.249207,MEDIUM
14,18,22.0118,80.2114,0.054329,0.128069,0.298492,0.137298,0.025195,0.203475,0.448782,0.333924,0.457998,0.119086,0.060968,0.185558,0.322697,0.411167,0.575021,0.857425,-0.149476,6.089337,LOW
15,18,22.0118,80.2115,0.115855,0.199658,0.065503,0.119405,0.212033,0.227784,0.350884,0.086542,0.418554,0.05484,0.173211,0.349891,0.250072,1.379728,1.399163,0.308199,-0.491133,11.714445,LOW
16,18,22.0118,80.2116,0.086146,0.131828,0.075431,0.081641,0.029868,0.412737,0.410767,0.308884,0.488768,0.161822,0.075966,0.465168,0.15987,0.26431,2.909659,0.2513,-0.701391,12.732565,LOW
17,18,22.0118,80.2117,0.175139,0.139932,0.050801,0.342068,0.134457,0.379531,0.296675,0.276325,0.28346,0.126051,0.10291,0.079123,0.099216,1.23792,0.797487,2.202932,0.624288,17.642227,LOW
18,18,22.0118,80.2118,0.247853,0.054577,0.127726,0.141821,0.058351,0.239355,0.390172,0.256017,0.472868,0.267871,0.189121,0.365838,0.112369,0.553954,3.255691,0.563663,-0.441273,17.50624,LOW
19,18,22.0118,80.2119,0.081143,0.140008,0.20156,0.282484,0.275099,0.416651,0.237587,0.031865,0.181114,0.173758,0.133792,0.440951,0.068452,8.864909,6.441737,0.950217,-0.219049,73.358685,HIGH
20,18,22.0118,80.212,0.20646,0.299566,0.165213,0.148366,0.052043,0.142338,0.213048,0.26154,0.428978,0.110987,0.098595,0.103786,0.300538,0.567279,0.345336,0.775564,0.176797,6.508682,LOW
21,18,22.0118,80.2121,0.105414,0.230533,0.310252,0.200852,0.331378,0.055105,0.155075,0.402547,0.301516,0.059741,0.027448,0.335338,0.250604,0.498953,1.338117,0.872278,-0.250817,9.811422,LOW
22,18,22.0118,80.2122,0.186473,0.21389,0.230413,0.305235,0.190264,0.441373,0.388428,0.533673,0.431495,0.057727,0.076655,0.284589,0.021347,0.571951,13.331801,1.750849,0.035002,70.075105,HIGH
23,18,22.0118,80.2123,0.04041,0.246031,0.136743,0.088607,0.196745,0.38854,0.129768,0.073782,0.346151,0.135423,0.188952,0.082427,0.41277,1.200929,0.199692,0.455073,0.036137,7.355992,LOW
24,18,22.0118,80.2124,0.163505,0.037759,0.1664,0.199716,0.322416,0.265742,0.40359,0.360144,0.16994,0.106664,0.122047,0.180949,0.461922,0.554544,0.391731,0.569501,0.0493,5.623172,LOW
25,18,22.0118,80.2125,0.139732,0.243959,0.092479,0.100608,0.047589,0.03663,0.379431,0.351262,0.375858,0.23955,0.040788,0.478155,0.233973,0.28642,2.043635,0.271142,-0.652333,8.988148,LOW
26,18,22.0118,80.2126,0.210688,0.242564,0.250685,0.344395,0.164,0.310252,0.355451,0.508501,0.238127,0.24568,0.023563,0.24732,0.477893,0.677276,0.517521,0.82056,0.164058,7.933692,LOW
27,18,22.0118,80.2127,0.04727,0.204757,0.193934,0.323867,0.114619,0.30175,0.115808,0.358102,0.030111,0.089328,0.130459,0.468847,0.2081,0.904399,2.252988,0.764907,-0.18289,15.883435,LOW
28,18,22.0118,80.2128,0.14,0.276027,0.227637,0.172406,0.203669,0.083961,0.42057,0.312407,0.480664,0.255099,0.033156,0.457763,0.073948,0.551864,6.190294,0.752368,-0.452826,31.820812,MEDIUM
29,18,22.0118,80.2129,0.218574,0.037689,0.030312,0.110626,0.335555,0.115731,0.272472,0.18605,0.485536,0.033244,0.183289,0.370835,0.186415,0.594602,1.989294,0.252916,-0.540458,10.472219,LOW
30,18,22.0118,80.213,0.179793,0.045136,0.308568,0.222559,0.325133,0.1406,0.251393,0.25284,0.048257,0.04946,0.153124,0.142758,0.3384,0.880237,0.421862,1.103849,0.218442,9.493515,LOW
31,18,22.0118,80.2131,0.056973,0.278024,0.314738,0.305664,0.112941,0.41626,0.360716,0.45573,0.047023,0.121269,0.167626,0.282627,0.102967,0.670712,2.744837,1.608955,0.039159,20.429828,LOW
32,18,22.0118,80.2132,0.216273,0.134951,0.258637,0.233362,0.221843,0.051239,0.035821,0.12464,0.095741,0.04805,0.171367,0.445856,0.064708,1.872287,6.890329,0.963638,-0.312851,42.400303,MEDIUM
33,18,22.0118,80.2133,0.073128,0.28469,0.047777,0.296932,0.314591,0.054655,0.229788,0.520803,0.336726,0.232223,0.130546,0.478688,0.243925,0.570143,1.962441,0.477031,-0.234336,11.890157,LOW
34,18,22.0118,80.2134,0.036951,0.153264,0.134488,0.295927,0.222069,0.135886,0.232224,0.289826,0.195439,0.245585,0.129553,0.264112,0.142677,1.02105,1.851122,1.05808,0.056808,16.212047,LOW
35,18,22.0118,80.2135,0.039523,0.14152,0.110578,0.071209,0.286993,0.217333,0.082232,0.225502,0.248022,0.293726,0.145828,0.26396,0.06653,0.315779,3.967551,0.550054,-0.575086,19.267768,LOW
36,18,22.0118,80.2136,0.200378,0.245838,0.159481,0.178638,0.083231,0.187022,0.37443,0.530562,0.085248,0.212511,0.058427,0.381123,0.064336,0.336696,5.923944,0.759035,-0.361735,29.867166,LOW
37,18,22.0118,80.2137,0.213283,0.150133,0.053692,0.101939,0.255435,0.177659,0.197065,0.458729,0.172259,0.062525,0.192728,0.149122,0.199391,0.222221,0.747889,0.446558,-0.187933,4.608303,LOW
38,18,22.0118,80.2138,0.222547,0.069885,0.095382,0.038706,0.093094,0.290943,0.034443,0.073037,0.489443,0.279112,0.058828,0.348639,0.219898,0.529944,1.585459,0.235846,-0.800149,7.408114,LOW
39,18,22.0118,80.2139,0.19351,0.140218,0.167669,0.051941,0.173704,0.168643,0.137794,0.276559,0.236886,0.219921,0.126723,0.469218,0.19376,0.187813,2.421639,0.331249,-0.80067,10.023177,LOW
0,19,22.0119,80.21,0.225627,0.07805,0.305853,0.338778,0.132979,0.263461,0.430495,0.034958,0.386922,0.210366,0.0406,0.25735,0.368843,9.691101,0.697722,1.029447,0.136596,51.642892,MEDIUM
1,19,22.0119,80.2101,0.233348,0.27323,0.296174,0.300472,0.146606,0.240599,0.122189,0.517382,0.318021,0.103484,0.092484,0.066804,0.315169,0.580755,0.211964,1.562011,0.636217,9.843459,LOW
2,19,22.0119,80.2102,0.143547,0.258594,0.235192,0.317491,0.255047,0.187326,0.238292,0.193936,0.474746,0.10537,0.049001,0.443855,0.353641,1.63709,1.2551,0.693022,-0.165975,14.467074,LOW
3,19,22.0119,80.2103,0.16542,0.055133,0.027313,0.073888,0.382935,0.098891,0.071054,0.485793,0.076853,0.186917,0.154481,0.166549,0.41719,0.152098,0.399216,0.173367,-0.385384,1.170879,LOW
4,19,22.0119,80.2104,0.239291,0.116834,0.184275,0.108486,0.371256,0.078301,0.059552,0.340121,0.060734,0.247615,0.090678,0.10641,0.455483,0.318962,0.233621,0.521026,0.009658,3.500174,LOW
5,19,22.0119,80.2105,0.138266,0.247408,0.327254,0.10854,0.163502,0.145614,0.371582,0.281021,0.402931,0.148333,0.083974,0.29171,0.240063,0.386233,1.215143,0.819511,-0.457641,7.893397,LOW
6,19,22.0119,80.2106,0.075372,0.026609,0.101099,0.163066,0.104273,0.402882,0.313367,0.409675,0.116332,0.091885,0.065621,0.180142,0.221326,0.398036,0.813921,0.657997,-0.049756,6.836813,LOW
7,19,22.0119,80.2107,0.235882,0.020893,0.031415,0.294341,0.256422,0.44253,0.296447,0.094503,0.097533,0.118463,0.100219,0.213414,0.336741,3.114627,0.633764,0.592118,0.159382,19.186818,LOW
8,19,22.0119,80.2108,0.031656,0.071927,0.128548,0.201568,0.299182,0.065395,0.444303,0.476627,0.254218,0.091217,0.120085,0.48827,0.310084,0.422904,1.574637,0.413496,-0.415608,8.613725,LOW
9,19,22.0119,80.2109,0.15417,0.28065,0.166138,0.214791,0.273677,0.415707,0.330175,0.212577,0.26754,0.263996,0.165738,0.103622,0.213832,1.010411,0.484594,1.19995,0.349134,11.108164,LOW
10,19,22.0119,80.211,0.233775,0.154812,0.33625,0.300583,0.190736,0.149634,0.099844,0.272664,0.165522,0.290755,0.198371,0.090738,0.47738,1.102395,0.190074,1.120954,0.536249,10.496009,LOW
11,19,22.0119,80.2111,0.191203,0.068951,0.34559,0.145686,0.244118,0.117443,0.263945,0.441306,0.342012,0.148421,0.017654,0.094394,0.368744,0.330125,0.255988,1.060755,0.213646,5.984038,LOW
12,19,22.0119,80.2112,0.159261,0.079752,0.04746,0.307461,0.394126,0.060362,0.321325,0.272559,0.402495,0.170225,0.130324,0.197387,0.26169,1.128055,0.754279,0.773118,0.218033,11.180298,LOW
13,19,22.0119,80.2113,0.131881,0.058086,0.226137,0.347053,0.048204,0.103435,0.207699,0.414036,0.052985,0.080016,0.049455,0.270382,0.187185,0.83822,1.444466,1.252693,0.124178,14.265515,LOW
14,19,22.0119,80.2114,0.082691,0.180553,0.15167,0.182122,0.331587,0.068901,0.440618,0.532478,0.414936,0.178425,0.018346,0.296217,0.372539,0.342028,0.79513,0.499125,-0.238522,5.398332,LOW
15,19,22.0119,80.2115,0.149567,0.076418,0.251909,0.236938,0.117495,0.148221,0.42732,0.309661,0.422963,0.177366,0.076914,0.067143,0.39223,0.765152,0.171184,1.064158,0.558384,8.716476,LOW
16,19,22.0119,80.2116,0.189874,0.193556,0.316912,0.282079,0.25446,0.439433,0.263189,0.093108,0.353816,0.049286,0.159047,0.263393,0.142817,3.029581,1.844267,1.47458,0.034255,26.836996,LOW
17,19,22.0119,80.2117,0.149079,0.293682,0.268709,0.087232,0.369539,0.410657,0.161284,0.180666,0.35673,0.276263,0.155081,0.413057,0.434988,0.482834,0.949585,0.419719,-0.651275,5.244215,LOW
18,19,22.0119,80.2118,0.19627,0.193368,0.169826,0.141174,0.353723,0.363794,0.306718,0.420202,0.115175,0.048007,0.049747,0.41394,0.427246,0.335968,0.968855,0.369716,-0.491368,4.989298,LOW
19,19,22.0119,80.2119,0.242437,0.085944,0.032309,0.036205,0.037039,0.345588,0.225345,0.370743,0.483586,0.13066,0.030064,0.04564,0.495801,0.097656,0.092053,0.126541,-0.115273,0.172587,LOW
20,19,22.0119,80.212,0.167066,0.065929,0.325362,0.333646,0.367365,0.223353,0.124873,0.098907,0.487354,0.036493,0.177814,0.404133,0.030552,3.373349,13.227576,1.51606,-0.095539,81.588365,HIGH
21,19,22.0119,80.2121,0.182812,0.098914,0.328475,0.171975,0.203237,0.143206,0.230537,0.246328,0.224316,0.059847,0.092678,0.309364,0.196037,0.698156,1.578086,0.990203,-0.285431,12.132791,LOW
22,19,22.0119,80.2122,0.215335,0.154525,0.231808,0.180584,0.037275,0.201008,0.365532,0.200105,0.28482,0.155309,0.08108,0.041326,0.035414,0.902449,1.166948,5.373843,0.62754,27.731265,LOW
23,19,22.0119,80.2123,0.147229,0.079633,0.312271,0.044073,0.095891,0.283679,0.304079,0.219967,0.402491,0.028827,0.010266,0.379557,0.397045,0.20036,0.955956,0.45885,-0.791929,3.631054,LOW
24,19,22.0119,80.2124,0.08632,0.022014,0.128945,0.31193,0.21773,0.24358,0.28076,0.235131,0.398337,0.288168,0.01457,0.148318,0.274391,1.326621,0.540536,1.042976,0.355486,12.383248,LOW
25,19,22.0119,80.2125,0.202504,0.241465,0.135227,0.139779,0.072573,0.252287,0.111861,0.505513,0.351701,0.22535,0.096859,0.362307,0.239476,0.27651,1.512917,0.456986,-0.443206,7.686894,LOW
26,19,22.0119,80.2126,0.209711,0.177015,0.338887,0.092889,0.086002,0.158396,0.388125,0.165903,0.151366,0.027856,0.072396,0.293897,0.10922,0.559901,2.690867,1.071093,-0.519688,16.225848,LOW
27,19,22.0119,80.2127,0.245371,0.223478,0.130899,0.158978,0.348011,0.086435,0.131056,0.213853,0.036889,0.233241,0.146187,0.200042,0.239186,0.743401,0.836344,0.659969,-0.114377,8.366623,LOW
28,19,22.0119,80.2128,0.024874,0.130901,0.169874,0.161924,0.076523,0.285837,0.115432,0.136797,0.45266,0.262544,0.093316,0.413003,0.120084,1.183683,3.439283,0.622408,-0.436715,21.520662,LOW
29,19,22.0119,80.2129,0.136617,0.083552,0.12731,0.22309,0.3381,0.325193,0.33758,0.303036,0.160135,0.052358,0.087657,0.277949,0.036977,0.736182,7.516753,1.112641,-0.109491,41.110975,MEDIUM
30,19,22.0119,80.213,0.034085,0.19018,0.091266,0.184051,0.219841,0.44656,0.340468,0.517816,0.137454,0.225932,0.103762,0.457414,0.100929,0.355437,4.532017,0.493096,-0.426154,22.39025,LOW
31,19,22.0119,80.2131,0.134146,0.136742,0.164182,0.112398,0.079629,0.386686,0.095062,0.271237,0.254076,0.174936,0.028897,0.491308,0.376772,0.414391,1.303991,0.318612,-0.627639,6.343708,LOW
32,19,22.0119,80.2132,0.129814,0.098607,0.268483,0.062485,0.337991,0.292108,0.371957,0.059565,0.250873,0.22835,0.028402,0.283439,0.155944,1.049028,1.817566,0.753257,-0.638733,13.056497,LOW
33,19,22.0119,80.2133,0.070547,0.258425,0.263651,0.065174,0.094468,0.255535,0.329063,0.359991,0.394158,0.116868,0.077652,0.327466,0.469471,0.181043,0.697522,0.41261,-0.668023,2.570705,LOW
34,19,22.0119,80.2134,0.249812,0.29189,0.035565,0.216712,0.04999,0.091681,0.171639,0.086673,0.121077,0.230842,0.013476,0.282542,0.450901,2.500353,0.626617,0.343963,-0.131856,14.583537,LOW
35,19,22.0119,80.2135,0.190852,0.239466,0.128042,0.259315,0.386772,0.28117,0.089259,0.178591,0.411513,0.105586,0.012656,0.064239,0.221839,1.452009,0.289577,1.354022,0.602914,13.541061,LOW
36,19,22.0119,80.2136,0.108799,0.271245,0.286382,0.056097,0.180929,0.033479,0.102762,0.043048,0.408031,0.221326,0.142058,0.412633,0.356329,1.303134,1.158012,0.445378,-0.760644,9.809506,LOW
37,19,22.0119,80.2137,0.202819,0.186167,0.294386,0.205337,0.314615,0.166987,0.213625,0.173041,0.150685,0.202195,0.040443,0.190895,0.396828,1.186639,0.481053,0.85027,0.036448,9.84643,LOW
38,19,22.0119,80.2138,0.076767,0.090097,0.127835,0.275406,0.268827,0.062401,0.178028,0.070818,0.271241,0.135962,0.065501,0.117695,0.361643,3.88895,0.325446,0.841246,0.401196,22.909267,LOW
39,19,22.0119,80.2139,0.085446,0.256804,0.284053,0.03426,0.295157,0.444959,0.08783,0.507505,0.449219,0.114766,0.132806,0.235688,0.169461,0.067506,1.390812,0.785668,-0.746176,6.213647,LOW
0,20,22.012,80.21,0.198569,0.223866,0.258049,0.282075,0.151858,0.348539,0.240808,0.253084,0.251398,0.175426,0.151762,0.056071,0.301756,1.114551,0.185815,1.509458,0.668363,12.16168,LOW
1,20,22.012,80.2101,0.179892,0.060427,0.135292,0.086216,0.102998,0.128798,0.152386,0.424917,0.177615,0.29933,0.146669,0.179485,0.153214,0.202901,1.171465,0.665791,-0.351029,6.680826,LOW
2,20,22.012,80.2102,0.200508,0.295255,0.195779,0.282726,0.205966,0.375156,0.360785,0.256115,0.260891,0.063941,0.199541,0.336544,0.458618,1.1039,0.733822,0.601771,-0.086906,9.481029,LOW
3,20,22.012,80.2103,0.109547,0.283406,0.076939,0.220091,0.243494,0.190569,0.379019,0.269293,0.427062,0.102857,0.187778,0.021977,0.148211,0.817294,0.148279,1.745309,0.818426,11.797947,LOW
4,20,22.012,80.2104,0.062504,0.124527,0.029743,0.228063,0.305657,0.165976,0.358703,0.355703,0.122009,0.068808,0.037894,0.229764,0.303856,0.64116,0.756163,0.483126,-0.003716,7.303604,LOW
5,20,22.012,80.2105,0.11994,0.145426,0.093208,0.057766,0.262986,0.296816,0.033437,0.298703,0.310018,0.154752,0.182015,0.350678,0.35391,0.193389,0.990868,0.214273,-0.717141,3.231024,LOW
6,20,22.012,80.2106,0.190357,0.134704,0.209764,0.307623,0.212861,0.124184,0.063917,0.050981,0.400943,0.07832,0.15178,0.093612,0.138928,6.034135,0.673818,2.224937,0.533381,39.351947,MEDIUM
7,20,22.012,80.2107,0.214656,0.161147,0.276723,0.15094,0.384088,0.045831,0.228885,0.363234,0.364901,0.079522,0.064562,0.417779,0.299505,0.415544,1.394896,0.596226,-0.469193,8.139781,LOW
8,20,22.012,80.2108,0.227514,0.095192,0.321379,0.146838,0.151317,0.241606,0.174079,0.091351,0.038897,0.296381,0.125944,0.24026,0.071812,1.607394,3.345688,1.500348,-0.241341,26.427266,LOW
9,20,22.012,80.2109,0.248314,0.064869,0.313973,0.303175,0.05648,0.394833,0.28295,0.20965,0.118009,0.043024,0.175045,0.226379,0.415719,1.4461,0.544549,0.961143,0.14502,12.048336,LOW
10,20,22.012,80.211,0.092045,0.283032,0.035376,0.110319,0.393923,0.126197,0.264942,0.481561,0.291581,0.204908,0.092472,0.457384,0.118324,0.229085,3.865512,0.253071,-0.611351,17.339684,LOW
11,20,22.012,80.2111,0.212752,0.207875,0.303759,0.302449,0.279816,0.21859,0.264245,0.228462,0.286732,0.153897,0.080894,0.330884,0.129835,1.323848,2.548496,1.315786,-0.044897,21.393225,LOW
12,20,22.012,80.2112,0.249655,0.296042,0.054452,0.091606,0.263701,0.048046,0.1425,0.49161,0.03272,0.284293,0.185152,0.046312,0.297127,0.186339,0.155866,0.425282,0.328413,3.210644,LOW
13,20,22.012,80.2113,0.084311,0.215508,0.047404,0.325902,0.060767,0.442592,0.100549,0.12682,0.273515,0.237969,0.044928,0.071357,0.388129,2.569795,0.183848,0.812444,0.640755,16.714185,LOW
14,20,22.012,80.2114,0.021164,0.110929,0.122977,0.120424,0.318071,0.0736,0.199189,0.425706,0.183982,0.081843,0.117627,0.022961,0.186485,0.282882,0.123125,1.162119,0.679731,6.91403,LOW
15,20,22.012,80.2115,0.052771,0.244287,0.116223,0.304131,0.243373,0.341764,0.070729,0.246293,0.15809,0.289806,0.103745,0.076088,0.168665,1.234833,0.451117,1.71746,0.599768,14.407081,LOW
16,20,22.012,80.2116,0.198867,0.088129,0.298796,0.030513,0.226918,0.175133,0.351409,0.542863,0.036076,0.113733,0.18437,0.223727,0.246138,0.056207,0.908951,0.700857,-0.75997,3.591102,LOW
17,20,22.012,80.2117,0.204891,0.299663,0.146391,0.186428,0.232984,0.055911,0.069224,0.525377,0.313233,0.024534,0.025217,0.491355,0.178584,0.354847,2.751388,0.49679,-0.449888,13.969441,LOW
18,20,22.012,80.2118,0.079743,0.127585,0.116301,0.271658,0.130684,0.408537,0.199702,0.156022,0.068575,0.201426,0.190067,0.216424,0.217436,1.741159,0.995344,0.894204,0.113166,15.239101,LOW
19,20,22.012,80.2119,0.23625,0.136593,0.197753,0.118889,0.14052,0.065775,0.176237,0.068576,0.378754,0.259271,0.07348,0.168841,0.468321,1.733675,0.360524,0.496956,-0.173608,10.08539,LOW
20,20,22.012,80.212,0.074386,0.213602,0.331245,0.042718,0.237304,0.048398,0.109632,0.323853,0.077626,0.298315,0.079914,0.289446,0.109911,0.131905,2.633454,0.936411,-0.74279,12.828905,LOW
21,20,22.012,80.2121,0.187569,0.10534,0.112977,0.145059,0.129875,0.182218,0.160804,0.163165,0.08319,0.031244,0.193927,0.181628,0.475831,0.889036,0.381707,0.392476,-0.111938,6.087528,LOW
22,20,22.012,80.2122,0.062432,0.144528,0.293015,0.200244,0.336293,0.087773,0.324617,0.258141,0.458854,0.273868,0.153295,0.264466,0.339718,0.775714,0.778489,0.816405,-0.1382,8.661616,LOW
23,20,22.012,80.2123,0.194165,0.117639,0.260409,0.036459,0.309826,0.322401,0.217163,0.325077,0.33601,0.071138,0.139957,0.181365,0.055803,0.112155,3.250095,1.251724,-0.665243,16.85869,LOW
24,20,22.012,80.2124,0.031688,0.026659,0.174805,0.078742,0.025689,0.412994,0.170318,0.289635,0.267499,0.236942,0.135819,0.488325,0.15285,0.271865,3.194804,0.39544,-0.722285,14.49156,LOW
25,20,22.012,80.2125,0.155738,0.18457,0.265823,0.213255,0.087832,0.095602,0.373066,0.228608,0.293188,0.188321,0.019229,0.176064,0.27869,0.932841,0.631754,1.053488,0.09553,10.183194,LOW
26,20,22.012,80.2126,0.100264,0.181191,0.184059,0.21291,0.380515,0.352581,0.21523,0.227223,0.175974,0.160439,0.096024,0.491205,0.151848,0.937011,3.234852,0.61732,-0.39524,19.517747,LOW
27,20,22.012,80.2127,0.171593,0.117794,0.251576,0.255319,0.035482,0.236988,0.026048,0.211338,0.208732,0.062495,0.016833,0.223888,0.087984,1.208106,2.54463,1.625329,0.06559,22.145931,LOW
28,20,22.012,80.2128,0.223962,0.123846,0.136486,0.119565,0.331142,0.067069,0.236898,0.485342,0.370012,0.108333,0.191437,0.170143,0.494793,0.246351,0.343867,0.385075,-0.174585,2.675135,LOW
29,20,22.012,80.2129,0.09409,0.030658,0.176781,0.199873,0.246972,0.207631,0.420354,0.547416,0.195664,0.059242,0.147457,0.215198,0.185097,0.36512,1.162626,0.94094,-0.036923,9.243866,LOW
30,20,22.012,80.213,0.238746,0.106459,0.089489,0.254794,0.367855,0.263505,0.236414,0.232693,0.304996,0.293581,0.098931,0.457775,0.418121,1.094978,1.094838,0.393064,-0.284858,9.86105,LOW
31,20,22.012,80.2131,0.12393,0.226302,0.124047,0.228742,0.202676,0.140565,0.041196,0.35726,0.353626,0.060339,0.01691,0.284373,0.050806,0.640267,5.597233,1.052537,-0.10842,31.469162,MEDIUM
32,20,22.012,80.2132,0.111975,0.15746,0.347656,0.264771,0.060022,0.07153,0.340945,0.316059,0.189951,0.140749,0.089328,0.154006,0.059883,0.837726,2.571787,2.863301,0.264498,25.030307,LOW
33,20,22.012,80.2133,0.067041,0.071816,0.217028,0.04293,0.201196,0.266343,0.274561,0.276703,0.328768,0.030861,0.012566,0.494121,0.397456,0.15515,1.243211,0.291572,-0.840126,4.092758,LOW
34,20,22.012,80.2134,0.0328,0.057092,0.226913,0.23395,0.306781,0.383157,0.077945,0.298188,0.196766,0.184263,0.03901,0.46736,0.159,0.78457,2.939378,0.73578,-0.33282,17.981808,LOW
35,20,22.012,80.2135,0.03405,0.155026,0.127621,0.082354,0.082144,0.174182,0.287982,0.17892,0.034373,0.261603,0.012223,0.258436,0.247459,0.460284,1.044359,0.415056,-0.516687,5.989555,LOW
36,20,22.012,80.2136,0.215533,0.15219,0.222665,0.150294,0.1337,0.047213,0.311773,0.188815,0.113697,0.225693,0.029306,0.247575,0.422799,0.795984,0.585563,0.556345,-0.244506,6.705376,LOW
37,20,22.012,80.2137,0.021681,0.148842,0.104877,0.172862,0.13493,0.283859,0.376024,0.313562,0.456099,0.056079,0.045178,0.451849,0.498259,0.551285,0.906855,0.292323,-0.446586,5.6067,LOW
38,20,22.012,80.2138,0.169109,0.185196,0.143536,0.061276,0.359504,0.424355,0.202327,0.112612,0.192656,0.096681,0.1391,0.167352,0.264891,0.54413,0.631776,0.473833,-0.463971,4.795778,LOW
39,20,22.012,80.2139,0.160215,0.117731,0.343077,0.06803,0.142816,0.43975,0.407564,0.204336,0.275174,0.251291,0.03374,0.481443,0.359839,0.332934,1.337939,0.488668,-0.75238,6.262539,LOW
0,21,22.0121,80.21,0.155064,0.130465,0.272606,0.05196,0.029202,0.382908,0.230344,0.175319,0.410231,0.266416,0.066914,0.075775,0.313709,0.296373,0.241546,0.83332,-0.186444,3.794845,LOW
1,21,22.0121,80.2101,0.12577,0.112068,0.162536,0.106278,0.356866,0.063634,0.331229,0.341325,0.402894,0.171159,0.106783,0.234213,0.384391,0.311368,0.60931,0.434548,-0.375738,3.751276,LOW
2,21,22.0121,80.2102,0.034705,0.194389,0.204667,0.256949,0.388727,0.234342,0.385854,0.37156,0.395185,0.02411,0.147143,0.476615,0.374632,0.691541,1.272221,0.542281,-0.299451,9.221462,LOW
3,21,22.0121,80.2103,0.064257,0.029564,0.122351,0.122177,0.299449,0.23976,0.430144,0.290781,0.171665,0.231616,0.078102,0.368679,0.394473,0.420169,0.934611,0.320418,-0.502187,5.035651,LOW
4,21,22.0121,80.2104,0.179754,0.217048,0.252155,0.199506,0.06731,0.082867,0.351011,0.527467,0.32275,0.029153,0.151797,0.497494,0.031113,0.378234,15.990069,0.854437,-0.427529,77.388558,HIGH
5,21,22.0121,80.2105,0.224927,0.244672,0.116353,0.314905,0.247209,0.052784,0.414352,0.219831,0.383765,0.040132,0.16948,0.25838,0.239827,1.432488,1.077359,0.86562,0.098598,14.04056,LOW
6,21,22.0121,80.2106,0.130906,0.12241,0.297936,0.083594,0.360707,0.291281,0.098514,0.405167,0.315238,0.214534,0.177059,0.206646,0.38663,0.20632,0.534481,0.643089,-0.423966,3.40873,LOW
7,21,22.0121,80.2107,0.109795,0.028317,0.3323,0.122435,0.315976,0.048428,0.146153,0.14158,0.207386,0.17405,0.15179,0.115743,0.07443,0.864774,1.555063,2.391159,0.028094,18.169897,LOW
8,21,22.0121,80.2108,0.211686,0.216924,0.240949,0.212904,0.348726,0.402614,0.240181,0.438442,0.346576,0.078147,0.090144,0.442329,0.394583,0.485593,1.121002,0.542296,-0.350142,7.386974,LOW
9,21,22.0121,80.2109,0.029241,0.197671,0.086385,0.024445,0.164398,0.223059,0.338242,0.449411,0.16887,0.113307,0.190756,0.474356,0.170848,0.054393,2.776478,0.171775,-0.901986,10.24634,LOW
10,21,22.0121,80.211,0.157672,0.23098,0.164409,0.228019,0.397001,0.068212,0.179849,0.143697,0.304819,0.212506,0.039375,0.144481,0.306135,1.586809,0.471952,0.870871,0.224263,12.33344,LOW
11,21,22.0121,80.2111,0.243383,0.059187,0.115384,0.064884,0.062512,0.17835,0.353368,0.50261,0.366286,0.269271,0.167209,0.489318,0.404636,0.129094,1.209279,0.201653,-0.765847,3.762346,LOW
12,21,22.0121,80.2112,0.118909,0.180091,0.141378,0.332807,0.21426,0.305412,0.067713,0.515763,0.279049,0.18537,0.188283,0.242764,0.440867,0.645271,0.55065,0.693628,0.156442,7.518071,LOW
13,21,22.0121,80.2113,0.089426,0.127947,0.073511,0.330333,0.367428,0.119404,0.295347,0.470199,0.399862,0.103154,0.097447,0.104849,0.254332,0.702539,0.412252,1.124349,0.518138,9.616247,LOW
14,21,22.0121,80.2114,0.105659,0.037433,0.219531,0.141459,0.33238,0.115874,0.100234,0.264877,0.210372,0.156424,0.086507,0.158857,0.109713,0.534053,1.447932,1.344119,-0.057933,12.570837,LOW
15,21,22.0121,80.2115,0.152152,0.197788,0.127077,0.163762,0.209931,0.171947,0.229383,0.045522,0.299712,0.278356,0.146103,0.453338,0.099235,3.597394,4.568321,0.526335,-0.469253,37.742181,MEDIUM
16,21,22.0121,80.2116,0.222803,0.161513,0.074866,0.239057,0.22258,0.098038,0.440117,0.244658,0.227465,0.294928,0.056714,0.187835,0.10024,0.977106,1.873846,1.089728,0.119989,16.409126,LOW
17,21,22.0121,80.2117,0.187728,0.245336,0.329905,0.201798,0.234028,0.030621,0.130141,0.326145,0.48237,0.221311,0.169471,0.162373,0.148807,0.618735,1.091168,1.708668,0.108259,12.954413,LOW
18,21,22.0121,80.2118,0.098767,0.118512,0.029659,0.336605,0.249026,0.442763,0.266244,0.071134,0.12031,0.248919,0.029911,0.117997,0.119186,4.732023,0.99003,1.544227,0.480877,32.432085,MEDIUM
19,21,22.0121,80.2119,0.107996,0.134399,0.349524,0.311555,0.04898,0.307847,0.446742,0.18224,0.212403,0.132182,0.032979,0.268956,0.411697,1.709587,0.653286,0.971242,0.073381,13.602433,LOW
20,21,22.0121,80.212,0.166056,0.092746,0.054313,0.301805,0.244163,0.383739,0.32662,0.088353,0.359032,0.137658,0.094905,0.335524,0.277231,3.415893,1.210268,0.581175,-0.052906,22.607313,LOW
21,21,22.0121,80.2121,0.164454,0.156603,0.166445,0.17773,0.276741,0.301511,0.020437,0.203567,0.418931,0.247375,0.179673,0.038417,0.138925,0.873078,0.276533,1.940734,0.644526,12.728855,LOW
22,21,22.0121,80.2122,0.046195,0.153057,0.18029,0.196081,0.300653,0.120989,0.172391,0.180567,0.41568,0.093023,0.02412,0.256014,0.180147,1.085917,1.421139,0.862917,-0.132567,13.295872,LOW
23,21,22.0121,80.2123,0.152689,0.039952,0.264622,0.076498,0.096436,0.299202,0.405899,0.126584,0.143196,0.11829,0.198565,0.404745,0.168257,0.604325,2.405522,0.595322,-0.682083,13.099029,LOW
24,21,22.0121,80.2124,0.191813,0.288486,0.32178,0.29811,0.190123,0.233485,0.036262,0.051634,0.357684,0.166176,0.017064,0.47905,0.247815,5.773577,1.933096,0.852826,-0.232822,37.349143,MEDIUM
25,21,22.0121,80.2125,0.049258,0.25047,0.147236,0.158353,0.206645,0.122187,0.090988,0.204859,0.04601,0.127016,0.182448,0.143409,0.306239,0.772985,0.468293,0.679617,0.049521,7.352593,LOW
26,21,22.0121,80.2126,0.198452,0.257809,0.252923,0.255691,0.289112,0.19937,0.389681,0.049054,0.359631,0.272624,0.08136,0.445188,0.449541,5.212393,0.990317,0.568456,-0.270371,29.284968,LOW
27,21,22.0121,80.2127,0.054174,0.156993,0.028181,0.114324,0.152266,0.185093,0.420203,0.543768,0.252811,0.286294,0.119892,0.041748,0.286856,0.210243,0.145536,0.433666,0.465016,3.727891,LOW
28,21,22.0121,80.2128,0.03989,0.125808,0.028044,0.304621,0.355036,0.443585,0.141084,0.523003,0.387488,0.210385,0.119452,0.116596,0.116026,0.582447,1.004914,1.430068,0.446385,12.565611,LOW
29,21,22.0121,80.2129,0.148158,0.222842,0.130834,0.199023,0.22449,0.389744,0.024018,0.37308,0.090689,0.291878,0.102644,0.13043,0.219173,0.533459,0.595098,0.943516,0.208203,8.145604,LOW
30,21,22.0121,80.213,0.199627,0.296602,0.147205,0.19006,0.221996,0.120879,0.028553,0.161074,0.205026,0.157115,0.13214,0.319098,0.116024,1.179951,2.750268,0.775104,-0.253435,19.321054,LOW
31,21,22.0121,80.2131,0.161766,0.231537,0.147218,0.183663,0.031382,0.034298,0.334566,0.370526,0.389708,0.214477,0.193439,0.296264,0.489552,0.495681,0.605174,0.421067,-0.234622,4.99601,LOW
32,21,22.0121,80.2132,0.159546,0.045554,0.158526,0.026633,0.331221,0.28023,0.188011,0.407672,0.067142,0.257579,0.170856,0.083767,0.424573,0.065329,0.197296,0.364243,-0.517519,0,LOW
33,21,22.0121,80.2133,0.041225,0.244193,0.224913,0.230543,0.181358,0.027967,0.063188,0.348672,0.402558,0.291489,0.179616,0.161363,0.37707,0.661201,0.427939,0.845889,0.17652,7.556132,LOW
34,21,22.0121,80.2134,0.153184,0.14732,0.091674,0.139171,0.079086,0.41955,0.127081,0.419203,0.148566,0.254662,0.01632,0.287763,0.375043,0.33199,0.767282,0.348286,-0.348044,4.406092,LOW
35,21,22.0121,80.2135,0.138423,0.02349,0.145417,0.216425,0.095285,0.446635,0.146548,0.238383,0.498063,0.191125,0.129664,0.273354,0.43625,0.907888,0.626599,0.509921,-0.116233,7.679069,LOW
36,21,22.0121,80.2136,0.023291,0.091216,0.129434,0.272898,0.287352,0.219203,0.428626,0.379165,0.406394,0.28563,0.176965,0.469001,0.406227,0.719733,1.154529,0.459688,-0.264326,8.653006,LOW
37,21,22.0121,80.2137,0.196169,0.273565,0.347559,0.144956,0.231224,0.076019,0.376041,0.275521,0.388057,0.291405,0.124376,0.247981,0.080672,0.526116,3.073942,1.498589,-0.262191,20.007662,LOW
38,21,22.0121,80.2138,0.070514,0.156455,0.075745,0.058476,0.37325,0.301681,0.257589,0.239309,0.05965,0.168503,0.125151,0.175558,0.404038,0.244354,0.434507,0.231577,-0.500277,1.592058,LOW
39,21,22.0121,80.2139,0.12662,0.229026,0.037262,0.20324,0.104445,0.396712,0.323451,0.374601,0.188238,0.107398,0.075991,0.475023,0.478869,0.54255,0.991968,0.252128,-0.400704,5.982883,LOW
0,22,22.0122,80.21,0.125114,0.143515,0.081856,0.168256,0.358571,0.277337,0.419254,0.128868,0.364253,0.206373,0.038933,0.499255,0.367893,1.30565,1.357066,0.288431,-0.49587,11.092653,LOW
1,22,22.0122,80.2101,0.176467,0.0222,0.259095,0.097764,0.135169,0.36646,0.253759,0.4765,0.111322,0.112036,0.069043,0.495932,0.238325,0.205172,2.080907,0.486014,-0.670659,9.39664,LOW
2,22,22.0122,80.2102,0.218292,0.189514,0.075695,0.248669,0.324548,0.346307,0.215022,0.394366,0.445929,0.072783,0.089119,0.156735,0.223038,0.630553,0.702728,0.854097,0.22677,8.884593,LOW
3,22,22.0122,80.2103,0.199406,0.099163,0.214632,0.308254,0.054613,0.071414,0.118068,0.282192,0.478531,0.213876,0.069967,0.256167,0.231245,1.092355,1.107772,1.072779,0.092284,13.215534,LOW
4,22,22.0122,80.2104,0.068778,0.058905,0.243833,0.2658,0.275581,0.277319,0.067161,0.21684,0.061379,0.138004,0.198032,0.471794,0.070479,1.225787,6.694148,0.939807,-0.279279,38.476615,MEDIUM
5,22,22.0122,80.2105,0.072613,0.212109,0.111319,0.281529,0.224892,0.165772,0.046367,0.14011,0.345958,0.27506,0.149605,0.374262,0.305423,2.009344,1.22539,0.577986,-0.141406,15.791413,LOW
6,22,22.0122,80.2106,0.118556,0.191241,0.292148,0.19811,0.137324,0.428541,0.256434,0.532273,0.467306,0.295486,0.130897,0.140661,0.469552,0.372196,0.299565,0.80342,0.16958,5.443078,LOW
7,22,22.0122,80.2107,0.104046,0.089241,0.33323,0.296702,0.357892,0.346444,0.342574,0.260971,0.114748,0.076858,0.160885,0.100513,0.207246,1.136915,0.484995,2.046828,0.493909,14.80577,LOW
8,22,22.0122,80.2108,0.185334,0.033207,0.104442,0.334025,0.186205,0.063136,0.241299,0.175758,0.181501,0.111598,0.083468,0.271785,0.39502,1.900483,0.688027,0.657564,0.102739,13.771782,LOW
9,22,22.0122,80.2109,0.146002,0.248272,0.133272,0.18533,0.383469,0.159932,0.296053,0.32674,0.333083,0.122008,0.101976,0.050822,0.409453,0.56721,0.124121,0.692201,0.569585,6.438291,LOW
10,22,22.0122,80.211,0.123599,0.215332,0.200322,0.24401,0.124703,0.206992,0.374479,0.274735,0.362788,0.125268,0.150647,0.467954,0.444527,0.888164,1.0527,0.48695,-0.314544,8.893707,LOW
11,22,22.0122,80.2111,0.159013,0.055809,0.130256,0.063719,0.035498,0.437294,0.314021,0.053993,0.382416,0.170343,0.049738,0.077512,0.190636,1.180134,0.406593,0.723388,-0.097657,8.650087,LOW
12,22,22.0122,80.2112,0.107625,0.239093,0.308552,0.237848,0.295477,0.340008,0.420623,0.21454,0.22514,0.295757,0.104536,0.428648,0.240564,1.108644,1.78185,0.816483,-0.286273,14.469012,LOW
13,22,22.0122,80.2113,0.217366,0.127963,0.346364,0.257959,0.140149,0.377772,0.259032,0.479971,0.168626,0.138841,0.12826,0.192697,0.332805,0.537446,0.579008,1.149992,0.144816,8.536424,LOW
14,22,22.0122,80.2114,0.19195,0.239793,0.176081,0.280663,0.216497,0.098117,0.24451,0.383201,0.486533,0.080535,0.182697,0.441693,0.054179,0.732417,8.152524,0.921093,-0.222923,43.122524,MEDIUM
15,22,22.0122,80.2115,0.203083,0.260107,0.247341,0.349961,0.092098,0.265422,0.06703,0.503434,0.085111,0.087705,0.119542,0.226971,0.39126,0.695148,0.580103,0.966148,0.21318,8.920309,LOW
16,22,22.0122,80.2116,0.248011,0.063922,0.038077,0.318637,0.317837,0.332986,0.327966,0.305458,0.273059,0.217168,0.061694,0.116175,0.112721,1.043145,1.030643,1.558405,0.46563,15.309773,LOW
17,22,22.0122,80.2117,0.178035,0.154771,0.246885,0.062227,0.194095,0.147852,0.446698,0.339442,0.303674,0.037907,0.065642,0.114796,0.29759,0.183321,0.385753,0.74957,-0.296964,3.333314,LOW
18,22,22.0122,80.2118,0.169975,0.235098,0.080539,0.189874,0.210383,0.426843,0.102836,0.245291,0.342514,0.24564,0.082299,0.374252,0.107346,0.774077,3.486405,0.561492,-0.326838,19.972911,LOW
19,22,22.0122,80.2119,0.19624,0.28794,0.156122,0.217155,0.325646,0.121209,0.106579,0.443247,0.495663,0.223839,0.148485,0.027725,0.206355,0.489919,0.134357,1.594651,0.77356,9.584813,LOW
20,22,22.0122,80.212,0.165527,0.205758,0.349581,0.038973,0.389252,0.387532,0.224544,0.268754,0.34667,0.074795,0.061507,0.186592,0.443364,0.145012,0.420856,0.616795,-0.654444,1.784639,LOW
21,22,22.0122,80.2121,0.23966,0.203292,0.084539,0.312197,0.055869,0.358776,0.396113,0.517803,0.443067,0.121155,0.159213,0.155328,0.370651,0.602927,0.419068,0.754283,0.335532,7.45192,LOW
22,22,22.0122,80.2122,0.113522,0.287624,0.288909,0.346288,0.108622,0.424985,0.415524,0.404579,0.332367,0.091962,0.060741,0.241393,0.060641,0.855924,3.980705,2.103065,0.17849,29.079597,LOW
23,22,22.0122,80.2123,0.104934,0.055468,0.041834,0.114262,0.352544,0.370228,0.382076,0.187466,0.149715,0.237041,0.105518,0.218373,0.269026,0.609507,0.811714,0.320265,-0.312987,5.9388,LOW
24,22,22.0122,80.2124,0.03972,0.192345,0.297314,0.073073,0.244806,0.305405,0.042016,0.072325,0.134511,0.175506,0.138099,0.110641,0.118057,1.010346,0.937184,1.61954,-0.204492,12.812268,LOW
25,22,22.0122,80.2125,0.236861,0.218594,0.050263,0.332899,0.28229,0.289335,0.220961,0.20478,0.48595,0.28985,0.038315,0.239768,0.079601,1.625644,3.012121,1.199749,0.162628,25.271053,LOW
26,22,22.0122,80.2126,0.038839,0.127815,0.023428,0.157734,0.226675,0.100357,0.11371,0.310449,0.338486,0.196203,0.068535,0.396105,0.386536,0.508082,1.024756,0.231474,-0.430399,5.817498,LOW
27,22,22.0122,80.2127,0.229345,0.184261,0.050946,0.117767,0.138242,0.059042,0.41706,0.353648,0.129686,0.058009,0.083724,0.046073,0.075627,0.333006,0.60921,1.386308,0.437588,9.373948,LOW
28,22,22.0122,80.2128,0.101561,0.145834,0.257292,0.057192,0.296591,0.199055,0.244257,0.142683,0.217777,0.078237,0.14384,0.162494,0.248546,0.400832,0.653776,0.765095,-0.479328,5.0897,LOW
29,22,22.0122,80.2129,0.248019,0.03959,0.136836,0.318433,0.282914,0.195445,0.088566,0.479127,0.404464,0.106488,0.098192,0.376027,0.487815,0.664612,0.770839,0.527029,-0.082933,7.372043,LOW
30,22,22.0122,80.213,0.050211,0.127595,0.071261,0.053844,0.273588,0.157726,0.378185,0.210142,0.30214,0.179505,0.094707,0.355532,0.242158,0.256227,1.468184,0.209314,-0.736946,5.688149,LOW
31,22,22.0122,80.2131,0.075625,0.020492,0.267353,0.239752,0.186091,0.199497,0.252677,0.39655,0.154042,0.2726,0.10562,0.359226,0.080805,0.604595,4.445568,1.15243,-0.199463,25.925436,LOW
32,22,22.0122,80.2132,0.201827,0.220646,0.23738,0.081751,0.137495,0.173799,0.371221,0.107042,0.399531,0.204261,0.119595,0.421245,0.107112,0.763733,3.932738,0.604007,-0.674942,21.06278,LOW
33,22,22.0122,80.2133,0.109509,0.27007,0.050173,0.115887,0.261575,0.096364,0.345466,0.110455,0.138516,0.275931,0.027857,0.073066,0.080066,1.049181,0.912575,1.084421,0.226621,12.55367,LOW
34,22,22.0122,80.2134,0.12142,0.070015,0.210741,0.262107,0.277007,0.317069,0.023419,0.211663,0.213553,0.074494,0.193293,0.233026,0.292912,1.238322,0.795551,0.899057,0.058734,11.787018,LOW
35,22,22.0122,80.2135,0.06623,0.269064,0.175023,0.282641,0.361879,0.132345,0.260163,0.118803,0.101932,0.099628,0.058304,0.366525,0.293325,2.379074,1.249551,0.693588,-0.129217,18.039451,LOW
36,22,22.0122,80.2136,0.055946,0.089184,0.311008,0.106123,0.091697,0.213927,0.157435,0.496375,0.182727,0.189052,0.015875,0.281715,0.197571,0.213796,1.425893,0.870318,-0.452745,8.247436,LOW
37,22,22.0122,80.2137,0.217491,0.02741,0.307839,0.103464,0.296422,0.370178,0.097097,0.341975,0.403868,0.056134,0.127572,0.246411,0.274943,0.30255,0.896226,0.788913,-0.408565,6.06206,LOW
38,22,22.0122,80.2138,0.156113,0.10929,0.160744,0.118391,0.123442,0.066784,0.121541,0.544142,0.37796,0.199824,0.012697,0.247382,0.075137,0.217573,3.292404,0.86548,-0.352655,17.321462,LOW
39,22,22.0122,80.2139,0.20083,0.143675,0.202906,0.194691,0.190089,0.393809,0.350219,0.400309,0.423524,0.268776,0.084514,0.479768,0.397923,0.48635,1.205678,0.453002,-0.422675,7.281627,LOW
0,23,22.0123,80.21,0.104314,0.255067,0.15201,0.208968,0.147735,0.432621,0.419239,0.217384,0.085915,0.252312,0.048482,0.372291,0.211145,0.961287,1.763199,0.618711,-0.280981,13.087924,LOW
1,23,22.0123,80.2101,0.131938,0.181308,0.090049,0.259871,0.376979,0.269938,0.4213,0.27276,0.250446,0.213617,0.029003,0.042528,0.396065,0.952744,0.107376,0.797821,0.718729,8.965751,LOW
2,23,22.0123,80.2102,0.230638,0.043496,0.255812,0.054574,0.135309,0.255096,0.351856,0.30425,0.115124,0.217085,0.098305,0.076682,0.485483,0.179372,0.15795,0.552127,-0.168434,2.030274,LOW
3,23,22.0123,80.2103,0.228206,0.079023,0.244073,0.227085,0.123472,0.153578,0.29866,0.548791,0.119534,0.14882,0.082874,0.263177,0.144052,0.41379,1.826961,1.156987,-0.073618,13.150598,LOW
4,23,22.0123,80.2104,0.156983,0.223002,0.049458,0.085473,0.164277,0.02724,0.034568,0.345723,0.214745,0.030829,0.092381,0.086732,0.09855,0.247228,0.880081,0.728244,-0.007315,6.79213,LOW
5,23,22.0123,80.2105,0.176725,0.157746,0.288589,0.100618,0.127229,0.292576,0.24123,0.441551,0.081885,0.24647,0.184137,0.264486,0.402515,0.227874,0.657085,0.583517,-0.448827,3.821041,LOW
6,23,22.0123,80.2106,0.037208,0.189994,0.321489,0.029135,0.265002,0.023258,0.203658,0.222071,0.075668,0.145502,0.184483,0.059838,0.183612,0.131198,0.325891,1.440232,-0.345075,4.817895,LOW
7,23,22.0123,80.2107,0.09913,0.060088,0.155668,0.031904,0.367902,0.440265,0.327617,0.358073,0.290433,0.153327,0.123051,0.395687,0.294865,0.0891,1.341926,0.271626,-0.850771,4.150338,LOW
8,23,22.0123,80.2108,0.150482,0.182406,0.124779,0.156667,0.305835,0.068092,0.228134,0.152141,0.220597,0.143379,0.110611,0.359305,0.213591,1.029746,1.682213,0.491269,-0.392732,12.280886,LOW
9,23,22.0123,80.2109,0.121652,0.10951,0.09048,0.15466,0.35404,0.3543,0.08214,0.246467,0.366917,0.162192,0.114471,0.159429,0.123491,0.627506,1.291019,0.866464,-0.015185,10.912562,LOW
10,23,22.0123,80.211,0.090713,0.033306,0.280085,0.088856,0.07715,0.026386,0.274148,0.147105,0.239758,0.20141,0.102527,0.398758,0.359729,0.604031,1.108495,0.486417,-0.635548,6.816421,LOW
11,23,22.0123,80.2111,0.181648,0.124394,0.084727,0.343899,0.172234,0.419228,0.051532,0.23153,0.238538,0.157827,0.056326,0.483866,0.049482,1.485333,9.778648,0.803653,-0.16909,54.086847,MEDIUM
12,23,22.0123,80.2112,0.074206,0.185754,0.301853,0.319116,0.104589,0.025937,0.098135,0.230159,0.320991,0.143504,0.033694,0.462779,0.166993,1.386501,2.771241,0.98602,-0.183738,21.266503,LOW
13,23,22.0123,80.2113,0.229323,0.182039,0.131185,0.236352,0.32166,0.199535,0.14046,0.220769,0.44651,0.168559,0.095111,0.092964,0.402049,1.070583,0.231224,0.742479,0.435413,9.040432,LOW
14,23,22.0123,80.2114,0.06763,0.105795,0.085738,0.082621,0.131191,0.06266,0.422506,0.045079,0.356571,0.126779,0.136493,0.11963,0.276063,1.832822,0.433344,0.425478,-0.182987,10.639386,LOW
15,23,22.0123,80.2115,0.185118,0.147513,0.34887,0.141023,0.099258,0.223328,0.037737,0.313125,0.49354,0.241604,0.032002,0.33901,0.283879,0.450372,1.194205,0.786484,-0.412445,8.134183,LOW
16,23,22.0123,80.2116,0.133695,0.11182,0.302964,0.212667,0.204334,0.363199,0.443195,0.333373,0.388926,0.250796,0.021388,0.270476,0.343546,0.637926,0.787307,0.83976,-0.119652,8.187531,LOW
17,23,22.0123,80.2117,0.188592,0.15192,0.136088,0.030559,0.326234,0.147799,0.383031,0.437534,0.297943,0.049256,0.050945,0.076042,0.119693,0.069843,0.635312,0.85139,-0.426671,3.88462,LOW
18,23,22.0123,80.2118,0.11328,0.240596,0.095371,0.114815,0.048086,0.134757,0.421066,0.328187,0.208842,0.192521,0.026265,0.486107,0.341181,0.349844,1.424776,0.254065,-0.617872,6.436238,LOW
19,23,22.0123,80.2119,0.101359,0.198081,0.244886,0.098101,0.144397,0.235283,0.335483,0.412835,0.174253,0.070321,0.021992,0.423645,0.477594,0.237627,0.88704,0.380572,-0.623952,3.763144,LOW
20,23,22.0123,80.212,0.168207,0.144499,0.220493,0.035213,0.149676,0.357842,0.227022,0.469449,0.173047,0.064467,0.106213,0.276649,0.472448,0.07501,0.585565,0.341353,-0.774174,0.99284,LOW
21,23,22.0123,80.2121,0.241535,0.070137,0.293765,0.168439,0.081623,0.310603,0.362533,0.117933,0.106282,0.103771,0.177729,0.495457,0.199602,1.428259,2.48222,0.664985,-0.492573,18.135869,LOW
22,23,22.0123,80.2122,0.178358,0.083641,0.221896,0.310029,0.122828,0.34483,0.449265,0.396182,0.303241,0.133028,0.196518,0.45639,0.314161,0.782543,1.452727,0.690318,-0.190967,11.297935,LOW
23,23,22.0123,80.2123,0.023704,0.231717,0.154443,0.14732,0.163348,0.351787,0.350542,0.287303,0.053687,0.027654,0.032308,0.102901,0.311254,0.51277,0.330603,0.728622,0.177517,6.039182,LOW
24,23,22.0123,80.2124,0.02711,0.100624,0.160138,0.280037,0.378877,0.377726,0.033533,0.387257,0.242486,0.086744,0.098009,0.489871,0.039603,0.723128,12.369564,0.831343,-0.272545,62.430806,HIGH
25,23,22.0123,80.2125,0.069061,0.215504,0.120964,0.248902,0.32919,0.250056,0.208513,0.251102,0.099912,0.043185,0.064114,0.162009,0.304932,0.99124,0.531296,0.792103,0.211464,9.530836,LOW
26,23,22.0123,80.2126,0.101249,0.0613,0.092638,0.206441,0.235344,0.260603,0.41567,0.068484,0.101147,0.062414,0.071322,0.228388,0.041098,3.014458,5.557086,1.109816,-0.050471,42.781791,MEDIUM
27,23,22.0123,80.2127,0.056679,0.059595,0.134832,0.161122,0.363901,0.31606,0.164198,0.232938,0.087105,0.113974,0.196004,0.395014,0.043851,0.691693,9.008032,0.674361,-0.420567,45.555666,MEDIUM
28,23,22.0123,80.2128,0.239304,0.25621,0.247017,0.123197,0.224522,0.272171,0.042862,0.199093,0.416313,0.17117,0.113279,0.046068,0.489152,0.618793,0.09418,0.691705,0.455667,6.181933,LOW
29,23,22.0123,80.2129,0.081129,0.20331,0.348785,0.282394,0.195102,0.166138,0.266874,0.160285,0.126838,0.266448,0.125027,0.473818,0.4339,1.76182,1.091997,0.695346,-0.253136,14.021625,LOW
30,23,22.0123,80.213,0.125491,0.060936,0.308838,0.114479,0.344718,0.163303,0.020582,0.045622,0.432111,0.264132,0.098912,0.410717,0.460922,2.509274,0.891078,0.485656,-0.564054,14.957576,LOW
31,23,22.0123,80.2131,0.052359,0.27406,0.088024,0.030293,0.362791,0.021448,0.218424,0.132869,0.446637,0.295133,0.15552,0.485496,0.427299,0.227989,1.136199,0.12962,-0.882539,3.293103,LOW
32,23,22.0123,80.2132,0.090171,0.258141,0.27986,0.225941,0.230985,0.421796,0.127244,0.531574,0.17298,0.253181,0.064391,0.464198,0.309639,0.425043,1.499157,0.653628,-0.34523,9.240934,LOW
33,23,22.0123,80.2133,0.145537,0.174749,0.062327,0.347367,0.090717,0.239159,0.271592,0.114463,0.227784,0.029621,0.068141,0.158548,0.119799,3.034754,1.323448,1.471878,0.373222,25.469314,LOW
34,23,22.0123,80.2134,0.116268,0.123506,0.311346,0.259494,0.237526,0.053477,0.151758,0.233861,0.289923,0.280694,0.048816,0.214131,0.30511,1.109608,0.701816,1.099373,0.095778,11.485723,LOW
35,23,22.0123,80.2135,0.040439,0.082254,0.108609,0.168384,0.045104,0.407005,0.255873,0.204127,0.139982,0.132163,0.081602,0.237952,0.422187,0.824898,0.563617,0.419598,-0.171207,6.539594,LOW
36,23,22.0123,80.2136,0.192,0.114931,0.179917,0.303885,0.398459,0.306683,0.337699,0.290706,0.284959,0.26632,0.112587,0.021151,0.477841,1.045337,0.044264,0.969559,0.869855,10.114077,LOW
37,23,22.0123,80.2137,0.243006,0.214934,0.069012,0.305044,0.174372,0.437599,0.054873,0.281507,0.450409,0.266446,0.143366,0.350089,0.203397,1.083612,1.721209,0.675819,-0.068756,14.307415,LOW
38,23,22.0123,80.2138,0.074174,0.077014,0.185617,0.187399,0.266515,0.086277,0.127957,0.273807,0.218189,0.025044,0.031577,0.020392,0.034551,0.684417,0.590193,6.78924,0.80373,28.980702,LOW
39,23,22.0123,80.2139,0.070963,0.230958,0.336427,0.140068,0.126429,0.189308,0.058197,0.16784,0.466763,0.162048,0.121352,0.162069,0.341065,0.834532,0.475185,0.947054,-0.072819,8.127632,LOW
0,24,22.0124,80.21,0.1937,0.292334,0.305738,0.084256,0.208854,0.122173,0.437852,0.042071,0.17447,0.271522,0.023568,0.238204,0.294475,2.002708,0.808911,0.732136,-0.477418,13.237097,LOW
1,24,22.0124,80.2101,0.124467,0.224091,0.147986,0.260651,0.37984,0.175037,0.07517,0.389532,0.490357,0.208789,0.047319,0.107589,0.030476,0.669139,3.53032,2.959751,0.415658,29.511608,LOW
2,24,22.0124,80.2102,0.029285,0.041745,0.051293,0.073585,0.344882,0.11159,0.42453,0.161812,0.384577,0.160379,0.011238,0.399506,0.193305,0.454754,2.066708,0.210654,-0.688919,9.582632,LOW
3,24,22.0124,80.2103,0.031072,0.090898,0.221733,0.10551,0.255785,0.089576,0.026339,0.357344,0.460665,0.036252,0.058472,0.292662,0.413699,0.295261,0.707429,0.46328,-0.47003,3.931018,LOW
4,24,22.0124,80.2104,0.245717,0.05318,0.259355,0.223736,0.388453,0.288395,0.230187,0.06556,0.048461,0.223674,0.102878,0.296388,0.48825,3.412675,0.607041,0.615687,-0.139681,19.598163,LOW
5,24,22.0124,80.2105,0.186369,0.184161,0.318942,0.224633,0.198442,0.059375,0.319591,0.26941,0.252569,0.087351,0.091574,0.31665,0.312388,0.833797,1.013645,0.864137,-0.169998,10.087448,LOW
6,24,22.0124,80.2106,0.138522,0.090185,0.269687,0.347611,0.276489,0.166623,0.05723,0.173196,0.284582,0.272149,0.141466,0.258156,0.237909,2.007036,1.085103,1.244388,0.147672,18.111274,LOW
7,24,22.0124,80.2107,0.056378,0.104733,0.313806,0.052559,0.230647,0.209947,0.093868,0.525681,0.446892,0.141556,0.037862,0.31132,0.354407,0.099982,0.878425,0.550322,-0.711119,3.335183,LOW
8,24,22.0124,80.2108,0.229379,0.02803,0.264293,0.228141,0.230895,0.439402,0.328957,0.448205,0.408796,0.095574,0.137143,0.317691,0.17429,0.50901,1.822769,1.00092,-0.164062,12.806591,LOW
9,24,22.0124,80.2109,0.106289,0.199293,0.141962,0.2293,0.118796,0.269109,0.120188,0.119088,0.314132,0.289707,0.018124,0.124061,0.186962,1.925473,0.663564,1.193678,0.297822,16.061609,LOW
10,24,22.0124,80.211,0.09547,0.21264,0.341888,0.182438,0.026071,0.144031,0.071939,0.367828,0.445453,0.21355,0.051859,0.087287,0.499758,0.495987,0.174659,0.893161,0.352769,6.291636,LOW
11,24,22.0124,80.2111,0.201713,0.176769,0.112024,0.21569,0.099587,0.143927,0.316924,0.106168,0.395061,0.062036,0.159546,0.228856,0.021161,2.031597,10.815203,1.310768,-0.029617,63.536683,HIGH
12,24,22.0124,80.2112,0.208179,0.049907,0.174478,0.238152,0.178852,0.37444,0.029623,0.269893,0.105485,0.098562,0.133111,0.456705,0.422377,0.882395,1.081274,0.469388,-0.314529,8.94583,LOW
13,24,22.0124,80.2113,0.024429,0.216301,0.225918,0.335014,0.079449,0.354162,0.192083,0.13931,0.413497,0.101141,0.180921,0.493955,0.346698,2.404814,1.424742,0.667257,-0.191733,18.704358,LOW
14,24,22.0124,80.2114,0.146547,0.279998,0.219751,0.153027,0.317842,0.259428,0.091657,0.261161,0.104796,0.04609,0.081741,0.473327,0.30053,0.58595,1.574972,0.481715,-0.511371,9.294207,LOW
15,24,22.0124,80.2115,0.100736,0.273431,0.245992,0.125045,0.36018,0.30188,0.218676,0.058748,0.208407,0.125076,0.136397,0.490826,0.26235,2.128501,1.870886,0.49263,-0.593925,17.696835,LOW
16,24,22.0124,80.2116,0.243165,0.290848,0.209426,0.103528,0.177495,0.244536,0.400238,0.08501,0.346324,0.074514,0.123693,0.108063,0.320786,1.217835,0.33687,0.729756,-0.021431,8.758196,LOW
17,24,22.0124,80.2117,0.092346,0.264496,0.062184,0.043846,0.317825,0.447447,0.147746,0.338372,0.369013,0.235168,0.074518,0.102372,0.036923,0.129581,2.772607,0.761195,-0.40026,13.994348,LOW
18,24,22.0124,80.2118,0.089152,0.218452,0.28779,0.278437,0.338283,0.444876,0.191719,0.249486,0.407699,0.086989,0.171535,0.229712,0.4992,1.116045,0.46016,0.776811,0.095887,9.373285,LOW
19,24,22.0124,80.2119,0.171429,0.06931,0.251408,0.127839,0.230727,0.399792,0.162658,0.313593,0.401694,0.296336,0.144587,0.394596,0.341664,0.407658,1.154924,0.515099,-0.510604,6.593415,LOW
20,24,22.0124,80.212,0.22786,0.299476,0.067546,0.197399,0.370723,0.288148,0.198943,0.512226,0.458178,0.137036,0.162121,0.066556,0.037018,0.385376,1.797926,2.558036,0.495705,19.044819,LOW
21,24,22.0124,80.2121,0.167671,0.08142,0.235979,0.238808,0.356855,0.06545,0.205252,0.173935,0.264672,0.110297,0.073716,0.36635,0.090503,1.372972,4.04793,1.039255,-0.210759,27.275701,LOW
22,24,22.0124,80.2122,0.14876,0.127718,0.095624,0.128626,0.05522,0.283416,0.431782,0.069413,0.349787,0.284126,0.162951,0.186577,0.332265,1.853055,0.561531,0.432211,-0.183855,11.354173,LOW
23,24,22.0124,80.2123,0.047781,0.283176,0.190144,0.208503,0.23627,0.321403,0.351696,0.232018,0.486059,0.253091,0.045712,0.098582,0.069774,0.898651,1.412883,2.367884,0.357949,18.620762,LOW
24,24,22.0124,80.2124,0.079129,0.29843,0.17127,0.176148,0.373627,0.191954,0.397728,0.20166,0.183594,0.163498,0.128719,0.457088,0.227213,0.873491,2.011719,0.507698,-0.443657,12.985929,LOW
25,24,22.0124,80.2125,0.203731,0.106814,0.079929,0.09153,0.302941,0.313033,0.319785,0.250586,0.146643,0.109643,0.021307,0.34826,0.384434,0.365264,0.905905,0.234013,-0.583756,4.117855,LOW
26,24,22.0124,80.2126,0.051304,0.282836,0.153886,0.102066,0.096501,0.039803,0.120746,0.062181,0.157729,0.287358,0.168855,0.441647,0.189072,1.64143,2.335866,0.405811,-0.624558,17.225758,LOW
27,24,22.0124,80.2127,0.236253,0.065426,0.118662,0.295969,0.262146,0.183096,0.392279,0.418065,0.36397,0.143403,0.132126,0.087579,0.094077,0.707951,0.930922,2.28251,0.543324,15.777219,LOW
28,24,22.0124,80.2128,0.237889,0.08576,0.264485,0.201335,0.170632,0.034517,0.164798,0.1109,0.119852,0.196874,0.056307,0.218037,0.023657,1.815466,9.21664,1.927314,-0.039827,56.918258,MEDIUM
29,24,22.0124,80.2129,0.166982,0.037164,0.037544,0.153473,0.120103,0.250789,0.415855,0.1928,0.385629,0.069852,0.170953,0.411218,0.132552,0.79602,3.102305,0.351282,-0.456436,17.210544,LOW
30,24,22.0124,80.213,0.08951,0.21286,0.125047,0.0527,0.305968,0.105126,0.106588,0.083598,0.216978,0.255982,0.150278,0.166455,0.047003,0.630406,3.541354,0.832704,-0.519058,19.803705,LOW
31,24,22.0124,80.2131,0.232544,0.040404,0.029218,0.054991,0.082706,0.073525,0.415812,0.351573,0.484262,0.124466,0.016789,0.490808,0.126285,0.156413,3.886514,0.136461,-0.798495,16.147018,LOW
32,24,22.0124,80.2132,0.203447,0.175146,0.230106,0.13746,0.29298,0.364469,0.107135,0.439623,0.24211,0.253373,0.041837,0.400073,0.471248,0.312678,0.848966,0.421849,-0.488552,4.489337,LOW
33,24,22.0124,80.2133,0.189508,0.142682,0.32296,0.231382,0.180403,0.370433,0.36729,0.366807,0.058328,0.087868,0.086048,0.334917,0.214456,0.630799,1.561702,1.009043,-0.182828,12.119753,LOW
34,24,22.0124,80.2134,0.05258,0.106179,0.19682,0.060429,0.207485,0.369359,0.413827,0.12886,0.135377,0.063334,0.037788,0.358211,0.310991,0.468949,1.151837,0.38441,-0.711309,5.829846,LOW
35,24,22.0124,80.2135,0.160407,0.223943,0.325945,0.244123,0.106915,0.281882,0.267489,0.069726,0.364643,0.08365,0.121755,0.452741,0.180637,3.501205,2.506363,0.900046,-0.299366,29.315883,LOW
36,24,22.0124,80.2136,0.207991,0.199346,0.219891,0.032114,0.183542,0.154436,0.312777,0.103267,0.137423,0.277341,0.066246,0.230644,0.150274,0.310984,1.534828,0.661573,-0.755561,7.614348,LOW
37,24,22.0124,80.2137,0.073317,0.119351,0.292367,0.214849,0.39629,0.03175,0.036209,0.073168,0.183623,0.188415,0.125384,0.042335,0.126617,2.936366,0.334352,3.002141,0.670783,26.084317,LOW
38,24,22.0124,80.2138,0.079458,0.079758,0.186466,0.137586,0.267313,0.121171,0.190953,0.117949,0.12667,0.170902,0.164338,0.375566,0.421125,1.166491,0.891816,0.406747,-0.463761,8.727115,LOW
39,24,22.0124,80.2139,0.12293,0.25354,0.304905,0.033114,0.356232,0.428229,0.206805,0.450453,0.424061,0.075064,0.128166,0.234368,0.396601,0.073513,0.590941,0.535713,-0.752402,1.687156,LOW